ons_code,year,pop_value
E06000001,2011,92088
E06000001,2012,92344
E06000001,2013,92465
E06000001,2014,92358
E06000001,2015,92125
E06000001,2016,92260
E06000001,2017,92306
E06000001,2018,92288
E06000001,2019,92401
E06000001,2020,92202
E06000001,2021,92575
E06000001,2022,94161
E06000001,2023,95942
E06000001,2024,98180
E06000002,2011,138368
E06000002,2012,138472
E06000002,2013,138588
E06000002,2014,139030
E06000002,2015,139602
E06000002,2016,140649
E06000002,2017,141213
E06000002,2018,141057
E06000002,2019,142134
E06000002,2020,142459
E06000002,2021,143943
E06000002,2022,149339
E06000002,2023,153639
E06000002,2024,156161
E06000003,2011,135164
E06000003,2012,134951
E06000003,2013,134838
E06000003,2014,135106
E06000003,2015,135370
E06000003,2016,135344
E06000003,2017,135584
E06000003,2018,136276
E06000003,2019,136699
E06000003,2020,136571
E06000003,2021,136605
E06000003,2022,137233
E06000003,2023,138115
E06000003,2024,139228
E06000004,2011,191824
E06000004,2012,192837
E06000004,2013,193923
E06000004,2014,195113
E06000004,2015,195790
E06000004,2016,196412
E06000004,2017,197046
E06000004,2018,197509
E06000004,2019,196860
E06000004,2020,196388
E06000004,2021,197032
E06000004,2022,200753
E06000004,2023,203768
E06000004,2024,206800
E06000005,2011,105584
E06000005,2012,105557
E06000005,2013,105591
E06000005,2014,105825
E06000005,2015,105988
E06000005,2016,106258
E06000005,2017,106541
E06000005,2018,106411
E06000005,2019,106532
E06000005,2020,106827
E06000005,2021,108210
E06000005,2022,109461
E06000005,2023,110925
E06000005,2024,112489
E06000006,2011,125722
E06000006,2012,125596
E06000006,2013,125889
E06000006,2014,126335
E06000006,2015,126464
E06000006,2016,126851
E06000006,2017,127038
E06000006,2018,127873
E06000006,2019,128456
E06000006,2020,128508
E06000006,2021,128570
E06000006,2022,129449
E06000006,2023,130384
E06000006,2024,131543
E06000007,2011,202709
E06000007,2012,203914
E06000007,2013,205905
E06000007,2014,208056
E06000007,2015,209575
E06000007,2016,210873
E06000007,2017,212137
E06000007,2018,212008
E06000007,2019,212245
E06000007,2020,211627
E06000007,2021,211182
E06000007,2022,211756
E06000007,2023,213598
E06000007,2024,215391
E06000008,2011,147657
E06000008,2012,148532
E06000008,2013,149148
E06000008,2014,149579
E06000008,2015,150490
E06000008,2016,151497
E06000008,2017,152312
E06000008,2018,152787
E06000008,2019,154066
E06000008,2020,154564
E06000008,2021,154954
E06000008,2022,156268
E06000008,2023,159189
E06000008,2024,162540
E06000009,2011,142080
E06000009,2012,142565
E06000009,2013,142733
E06000009,2014,142253
E06000009,2015,141788
E06000009,2016,141996
E06000009,2017,142121
E06000009,2018,141880
E06000009,2019,142407
E06000009,2020,141560
E06000009,2021,140976
E06000009,2022,141680
E06000009,2023,143070
E06000009,2024,144191
E06000010,2011,256123
E06000010,2012,258085
E06000010,2013,259094
E06000010,2014,260896
E06000010,2015,262711
E06000010,2016,265338
E06000010,2017,267566
E06000010,2018,268223
E06000010,2019,268749
E06000010,2020,267591
E06000010,2021,266516
E06000010,2022,268768
E06000010,2023,273069
E06000010,2024,275401
E06000011,2011,334673
E06000011,2012,334972
E06000011,2013,334572
E06000011,2014,335625
E06000011,2015,334735
E06000011,2016,336323
E06000011,2017,336697
E06000011,2018,337192
E06000011,2019,338944
E06000011,2020,341050
E06000011,2021,343145
E06000011,2022,346600
E06000011,2023,351237
E06000011,2024,355884
E06000012,2011,159735
E06000012,2012,159408
E06000012,2013,159456
E06000012,2014,159420
E06000012,2015,159140
E06000012,2016,158877
E06000012,2017,158699
E06000012,2018,158460
E06000012,2019,157957
E06000012,2020,157313
E06000012,2021,157188
E06000012,2022,157842
E06000012,2023,158663
E06000012,2024,159911
E06000013,2011,167516
E06000013,2012,167974
E06000013,2013,168309
E06000013,2014,168816
E06000013,2015,169212
E06000013,2016,170174
E06000013,2017,170616
E06000013,2018,170384
E06000013,2019,170283
E06000013,2020,170034
E06000013,2021,169929
E06000013,2022,170125
E06000013,2023,170477
E06000013,2024,171336
E06000014,2011,197783
E06000014,2012,199157
E06000014,2013,201168
E06000014,2014,202206
E06000014,2015,203212
E06000014,2016,202892
E06000014,2017,203546
E06000014,2018,203906
E06000014,2019,203877
E06000014,2020,202169
E06000014,2021,201851
E06000014,2022,204748
E06000014,2023,206746
E06000014,2024,209301
E06000015,2011,248943
E06000015,2012,251804
E06000015,2013,253812
E06000015,2014,255320
E06000015,2015,257406
E06000015,2016,259883
E06000015,2017,261104
E06000015,2018,262395
E06000015,2019,263014
E06000015,2020,261999
E06000015,2021,261260
E06000015,2022,264321
E06000015,2023,269903
E06000015,2024,274149
E06000016,2011,329627
E06000016,2012,334099
E06000016,2013,338852
E06000016,2014,342917
E06000016,2015,349853
E06000016,2016,356789
E06000016,2017,361895
E06000016,2018,367094
E06000016,2019,369776
E06000016,2020,368922
E06000016,2021,366940
E06000016,2022,373086
E06000016,2023,382696
E06000016,2024,388348
E06000017,2011,37581
E06000017,2012,37114
E06000017,2013,37833
E06000017,2014,38294
E06000017,2015,38438
E06000017,2016,39044
E06000017,2017,39831
E06000017,2018,40053
E06000017,2019,40175
E06000017,2020,40633
E06000017,2021,41342
E06000017,2022,41165
E06000017,2023,40807
E06000017,2024,41443
E06000018,2011,303899
E06000018,2012,307436
E06000018,2013,308681
E06000018,2014,310339
E06000018,2015,313265
E06000018,2016,317625
E06000018,2017,320378
E06000018,2018,322323
E06000018,2019,323160
E06000018,2020,322822
E06000018,2021,319978
E06000018,2022,326572
E06000018,2023,327186
E06000018,2024,331077
E06000019,2011,183619
E06000019,2012,184208
E06000019,2013,184748
E06000019,2014,185523
E06000019,2015,185778
E06000019,2016,186225
E06000019,2017,186687
E06000019,2018,186511
E06000019,2019,186373
E06000019,2020,185886
E06000019,2021,187522
E06000019,2022,188518
E06000019,2023,190045
E06000019,2024,191047
E06000020,2011,166831
E06000020,2012,167964
E06000020,2013,169014
E06000020,2014,170610
E06000020,2015,172898
E06000020,2016,175352
E06000020,2017,177528
E06000020,2018,179548
E06000020,2019,182081
E06000020,2020,183483
E06000020,2021,185857
E06000020,2022,189000
E06000020,2023,192417
E06000020,2024,195952
E06000021,2011,248719
E06000021,2012,250322
E06000021,2013,251568
E06000021,2014,253316
E06000021,2015,254095
E06000021,2016,256168
E06000021,2017,258235
E06000021,2018,258843
E06000021,2019,259181
E06000021,2020,258866
E06000021,2021,258102
E06000021,2022,260624
E06000021,2023,265822
E06000021,2024,270425
E06000022,2011,175538
E06000022,2012,176598
E06000022,2013,178743
E06000022,2014,180065
E06000022,2015,182561
E06000022,2016,185507
E06000022,2017,186894
E06000022,2018,189489
E06000022,2019,190176
E06000022,2020,191974
E06000022,2021,192419
E06000022,2022,195467
E06000022,2023,198264
E06000022,2024,200028
E06000023,2011,428074
E06000023,2012,433264
E06000023,2013,438984
E06000023,2014,443834
E06000023,2015,451790
E06000023,2016,459588
E06000023,2017,463113
E06000023,2018,467026
E06000023,2019,469920
E06000023,2020,471851
E06000023,2021,471285
E06000023,2022,479639
E06000023,2023,486376
E06000023,2024,494399
E06000024,2011,203091
E06000024,2012,204465
E06000024,2013,206403
E06000024,2014,208617
E06000024,2015,210553
E06000024,2016,212660
E06000024,2017,213701
E06000024,2018,214360
E06000024,2019,215540
E06000024,2020,215850
E06000024,2021,217385
E06000024,2022,219064
E06000024,2023,221927
E06000024,2024,224578
E06000025,2011,263417
E06000025,2012,265741
E06000025,2013,268167
E06000025,2014,269840
E06000025,2015,272189
E06000025,2016,275808
E06000025,2017,278379
E06000025,2018,281719
E06000025,2019,284563
E06000025,2020,287182
E06000025,2021,290886
E06000025,2022,295391
E06000025,2023,300435
E06000025,2024,306332
E06000026,2011,256589
E06000026,2012,257886
E06000026,2013,259549
E06000026,2014,261980
E06000026,2015,263088
E06000026,2016,264440
E06000026,2017,265294
E06000026,2018,265689
E06000026,2019,265041
E06000026,2020,264830
E06000026,2021,264768
E06000026,2022,267507
E06000026,2023,270605
E06000026,2024,272067
E06000027,2011,131193
E06000027,2012,131806
E06000027,2013,132920
E06000027,2014,134217
E06000027,2015,135052
E06000027,2016,136172
E06000027,2017,137329
E06000027,2018,138100
E06000027,2019,138754
E06000027,2020,138695
E06000027,2021,139440
E06000027,2022,139435
E06000027,2023,139744
E06000027,2024,140126
E06000030,2011,209709
E06000030,2012,212801
E06000030,2013,215994
E06000030,2014,218998
E06000030,2015,221805
E06000030,2016,224498
E06000030,2017,227680
E06000030,2018,230174
E06000030,2019,231934
E06000030,2020,232574
E06000030,2021,233760
E06000030,2022,236046
E06000030,2023,240218
E06000030,2024,243875
E06000031,2011,184457
E06000031,2012,188675
E06000031,2013,192488
E06000031,2014,195766
E06000031,2015,200246
E06000031,2016,205091
E06000031,2017,208237
E06000031,2018,211037
E06000031,2019,213026
E06000031,2020,213718
E06000031,2021,216470
E06000031,2022,218017
E06000031,2023,221283
E06000031,2024,223655
E06000032,2011,203641
E06000032,2012,205873
E06000032,2013,209624
E06000032,2014,213749
E06000032,2015,217612
E06000032,2016,220952
E06000032,2017,220752
E06000032,2018,221532
E06000032,2019,223106
E06000032,2020,224132
E06000032,2021,224958
E06000032,2022,227546
E06000032,2023,233640
E06000032,2024,239090
E06000033,2011,174274
E06000033,2012,175196
E06000033,2013,176350
E06000033,2014,178610
E06000033,2015,179203
E06000033,2016,180465
E06000033,2017,181405
E06000033,2018,181877
E06000033,2019,182115
E06000033,2020,181276
E06000033,2021,180655
E06000033,2022,180810
E06000033,2023,182771
E06000033,2024,185256
E06000034,2011,158268
E06000034,2012,160026
E06000034,2013,161702
E06000034,2014,164451
E06000034,2015,166622
E06000034,2016,168977
E06000034,2017,170966
E06000034,2018,173113
E06000034,2019,174924
E06000034,2020,175803
E06000034,2021,175933
E06000034,2022,176778
E06000034,2023,179280
E06000034,2024,180989
E06000035,2011,264885
E06000035,2012,268144
E06000035,2013,271084
E06000035,2014,273977
E06000035,2015,276037
E06000035,2016,277504
E06000035,2017,278652
E06000035,2018,278827
E06000035,2019,279852
E06000035,2020,280364
E06000035,2021,279903
E06000035,2022,282750
E06000035,2023,288003
E06000035,2024,292655
E06000036,2011,113696
E06000036,2012,115100
E06000036,2013,116552
E06000036,2014,117979
E06000036,2015,119078
E06000036,2016,119553
E06000036,2017,120164
E06000036,2018,121046
E06000036,2019,121660
E06000036,2020,123188
E06000036,2021,125195
E06000036,2022,127160
E06000036,2023,129099
E06000036,2024,130806
E06000037,2011,154148
E06000037,2012,155172
E06000037,2013,156789
E06000037,2014,157663
E06000037,2015,158895
E06000037,2016,160551
E06000037,2017,160729
E06000037,2018,160953
E06000037,2019,160883
E06000037,2020,161026
E06000037,2021,161864
E06000037,2022,162484
E06000037,2023,164189
E06000037,2024,165112
E06000038,2011,155339
E06000038,2012,159065
E06000038,2013,163089
E06000038,2014,166300
E06000038,2015,169220
E06000038,2016,171750
E06000038,2017,173047
E06000038,2018,174484
E06000038,2019,174288
E06000038,2020,173879
E06000038,2021,173371
E06000038,2022,176178
E06000038,2023,179863
E06000038,2024,182907
E06000039,2011,140713
E06000039,2012,143095
E06000039,2013,144880
E06000039,2014,147313
E06000039,2015,150104
E06000039,2016,152565
E06000039,2017,154573
E06000039,2018,155915
E06000039,2019,157632
E06000039,2020,158281
E06000039,2021,158448
E06000039,2022,159732
E06000039,2023,163940
E06000039,2024,167359
E06000040,2011,145098
E06000040,2012,146642
E06000040,2013,147525
E06000040,2014,148936
E06000040,2015,150043
E06000040,2016,152085
E06000040,2017,152648
E06000040,2018,153470
E06000040,2019,153893
E06000040,2020,153991
E06000040,2021,153922
E06000040,2022,155069
E06000040,2023,157174
E06000040,2024,158943
E06000041,2011,154943
E06000041,2012,157038
E06000041,2013,158372
E06000041,2014,159576
E06000041,2015,161773
E06000041,2016,163797
E06000041,2017,165664
E06000041,2018,168734
E06000041,2019,171789
E06000041,2020,174708
E06000041,2021,178231
E06000041,2022,181318
E06000041,2023,184561
E06000041,2024,187200
E06000042,2011,249895
E06000042,2012,254003
E06000042,2013,259672
E06000042,2014,264948
E06000042,2015,269783
E06000042,2016,274231
E06000042,2017,276588
E06000042,2018,278892
E06000042,2019,281434
E06000042,2020,283707
E06000042,2021,288312
E06000042,2022,292584
E06000042,2023,300173
E06000042,2024,305884
E06000043,2011,272952
E06000043,2012,274051
E06000043,2013,275494
E06000043,2014,275999
E06000043,2015,277351
E06000043,2016,279796
E06000043,2017,279500
E06000043,2018,281250
E06000043,2019,279920
E06000043,2020,278496
E06000043,2021,276454
E06000043,2022,278000
E06000043,2023,281135
E06000043,2024,283870
E06000044,2011,205433
E06000044,2012,205729
E06000044,2013,205905
E06000044,2014,206200
E06000044,2015,207873
E06000044,2016,209951
E06000044,2017,210965
E06000044,2018,211215
E06000044,2019,210412
E06000044,2020,209142
E06000044,2021,207119
E06000044,2022,209599
E06000044,2023,213976
E06000044,2024,214321
E06000045,2011,235870
E06000045,2012,238097
E06000045,2013,239484
E06000045,2014,241230
E06000045,2015,244666
E06000045,2016,248662
E06000045,2017,250492
E06000045,2018,250803
E06000045,2019,249428
E06000045,2020,248679
E06000045,2021,247672
E06000045,2022,252178
E06000045,2023,257387
E06000045,2024,259424
E06000046,2011,138392
E06000046,2012,138632
E06000046,2013,138146
E06000046,2014,138899
E06000046,2015,139316
E06000046,2016,139650
E06000046,2017,141277
E06000046,2018,141665
E06000046,2019,141764
E06000046,2020,140915
E06000046,2021,140885
E06000046,2022,140756
E06000046,2023,141281
E06000046,2024,141660
E06000047,2011,512994
E06000047,2012,513122
E06000047,2013,513179
E06000047,2014,513604
E06000047,2015,513924
E06000047,2016,514431
E06000047,2017,515911
E06000047,2018,516648
E06000047,2019,518562
E06000047,2020,519204
E06000047,2021,521447
E06000047,2022,527755
E06000047,2023,533997
E06000047,2024,538011
E06000049,2011,370736
E06000049,2012,372501
E06000049,2013,373956
E06000049,2014,376574
E06000049,2015,378511
E06000049,2016,381414
E06000049,2017,384221
E06000049,2018,386891
E06000049,2019,390556
E06000049,2020,393203
E06000049,2021,400474
E06000049,2022,407083
E06000049,2023,414836
E06000049,2024,421298
E06000050,2011,329526
E06000050,2012,331231
E06000050,2013,333476
E06000050,2014,336437
E06000050,2015,339181
E06000050,2016,342424
E06000050,2017,346040
E06000050,2018,350076
E06000050,2019,353362
E06000050,2020,354738
E06000050,2021,357730
E06000050,2022,362076
E06000050,2023,366665
E06000050,2024,371652
E06000051,2011,307108
E06000051,2012,307921
E06000051,2013,308181
E06000051,2014,309436
E06000051,2015,310751
E06000051,2016,312836
E06000051,2017,315232
E06000051,2018,317112
E06000051,2019,319729
E06000051,2020,321054
E06000051,2021,324669
E06000051,2022,327352
E06000051,2023,329558
E06000051,2024,332455
E06000052,2011,533760
E06000052,2012,537411
E06000052,2013,540061
E06000052,2014,543778
E06000052,2015,547334
E06000052,2016,551203
E06000052,2017,556921
E06000052,2018,559961
E06000052,2019,563695
E06000052,2020,565045
E06000052,2021,571948
E06000052,2022,575591
E06000052,2023,579381
E06000052,2024,583289
E06000053,2011,2224
E06000053,2012,2249
E06000053,2013,2214
E06000053,2014,2188
E06000053,2015,2238
E06000053,2016,2236
E06000053,2017,2170
E06000053,2018,2166
E06000053,2019,2098
E06000053,2020,2030
E06000053,2021,2271
E06000053,2022,2340
E06000053,2023,2433
E06000053,2024,2366
E06000054,2011,474319
E06000054,2012,476806
E06000054,2013,479505
E06000054,2014,484344
E06000054,2015,488377
E06000054,2016,492706
E06000054,2017,497177
E06000054,2018,498703
E06000054,2019,502985
E06000054,2020,507047
E06000054,2021,513240
E06000054,2022,516185
E06000054,2023,519779
E06000054,2024,523700
E06000055,2011,157840
E06000055,2012,160344
E06000055,2013,163672
E06000055,2014,166856
E06000055,2015,170149
E06000055,2016,173703
E06000055,2017,175537
E06000055,2018,178288
E06000055,2019,180651
E06000055,2020,182346
E06000055,2021,185796
E06000055,2022,187624
E06000055,2023,191575
E06000055,2024,194976
E06000056,2011,255644
E06000056,2012,259524
E06000056,2013,263425
E06000056,2014,267066
E06000056,2015,270962
E06000056,2016,274909
E06000056,2017,277655
E06000056,2018,280414
E06000056,2019,284688
E06000056,2020,289105
E06000056,2021,295651
E06000056,2022,301829
E06000056,2023,309382
E06000056,2024,315877
E06000057,2011,316278
E06000057,2012,315924
E06000057,2013,315013
E06000057,2014,315274
E06000057,2015,314188
E06000057,2016,314327
E06000057,2017,315663
E06000057,2018,316153
E06000057,2019,318027
E06000057,2020,318490
E06000057,2021,321532
E06000057,2022,324627
E06000057,2023,327865
E06000057,2024,331420
E06000058,2011,379441
E06000058,2012,382465
E06000058,2013,385483
E06000058,2014,389727
E06000058,2015,392499
E06000058,2016,397066
E06000058,2017,399374
E06000058,2018,400064
E06000058,2019,400182
E06000058,2020,399564
E06000058,2021,400155
E06000058,2022,402784
E06000058,2023,406626
E06000058,2024,408967
E06000059,2011,365897
E06000059,2012,366572
E06000059,2013,367651
E06000059,2014,368694
E06000059,2015,370728
E06000059,2016,372416
E06000059,2017,374675
E06000059,2018,375604
E06000059,2019,377699
E06000059,2020,377670
E06000059,2021,381245
E06000059,2022,383509
E06000059,2023,386151
E06000059,2024,389947
E06000060,2011,506550
E06000060,2012,512105
E06000060,2013,517918
E06000060,2014,523613
E06000060,2015,529999
E06000060,2016,535519
E06000060,2017,538762
E06000060,2018,541983
E06000060,2019,545859
E06000060,2020,549066
E06000060,2021,555161
E06000060,2022,561180
E06000060,2023,569850
E06000060,2024,578772
E06000061,2011,317959
E06000061,2012,322316
E06000061,2013,325788
E06000061,2014,330649
E06000061,2015,335250
E06000061,2016,341647
E06000061,2017,347704
E06000061,2018,351998
E06000061,2019,354848
E06000061,2020,356437
E06000061,2021,360418
E06000061,2022,363174
E06000061,2023,368282
E06000061,2024,373871
E06000062,2011,376008
E06000062,2012,380827
E06000062,2013,385699
E06000062,2014,391024
E06000062,2015,397939
E06000062,2016,405019
E06000062,2017,411732
E06000062,2018,417242
E06000062,2019,422168
E06000062,2020,422559
E06000062,2021,426707
E06000062,2022,429682
E06000062,2023,436787
E06000062,2024,439811
E06000063,2011,274546
E06000063,2012,274285
E06000063,2013,274032
E06000063,2014,274139
E06000063,2015,274195
E06000063,2016,274192
E06000063,2017,273458
E06000063,2018,273256
E06000063,2019,273009
E06000063,2020,272444
E06000063,2021,273788
E06000063,2022,275445
E06000063,2023,278070
E06000063,2024,280495
E06000064,2011,225271
E06000064,2012,224550
E06000064,2013,224048
E06000064,2014,224164
E06000064,2015,224523
E06000064,2016,224754
E06000064,2017,225235
E06000064,2018,225685
E06000064,2019,226162
E06000064,2020,225995
E06000064,2021,226941
E06000064,2022,227732
E06000064,2023,228646
E06000064,2024,230185
E06000065,2011,601206
E06000065,2012,603963
E06000065,2013,604151
E06000065,2014,603672
E06000065,2015,603711
E06000065,2016,605770
E06000065,2017,607291
E06000065,2018,607735
E06000065,2019,610660
E06000065,2020,610899
E06000065,2021,618627
E06000065,2022,624055
E06000065,2023,628846
E06000065,2024,635270
E06000066,2011,531581
E06000066,2012,535842
E06000066,2013,539465
E06000066,2014,544312
E06000066,2015,548792
E06000066,2016,554806
E06000066,2017,558895
E06000066,2018,562159
E06000066,2019,564987
E06000066,2020,566310
E06000066,2021,573100
E06000066,2022,577349
E06000066,2023,582962
E06000066,2024,588328
E07000008,2011,122725
E07000008,2012,124679
E07000008,2013,127819
E07000008,2014,130432
E07000008,2015,133654
E07000008,2016,136054
E07000008,2017,138462
E07000008,2018,141726
E07000008,2019,143153
E07000008,2020,143741
E07000008,2021,145022
E07000008,2022,147928
E07000008,2023,148842
E07000008,2024,149352
E07000009,2011,84245
E07000009,2012,85101
E07000009,2013,85483
E07000009,2014,86316
E07000009,2015,86757
E07000009,2016,86952
E07000009,2017,87016
E07000009,2018,86885
E07000009,2019,87010
E07000009,2020,86948
E07000009,2021,88125
E07000009,2022,89348
E07000009,2023,91313
E07000009,2024,92906
E07000010,2011,95461
E07000010,2012,96429
E07000010,2013,97556
E07000010,2014,98571
E07000010,2015,99991
E07000010,2016,101075
E07000010,2017,102029
E07000010,2018,102346
E07000010,2019,102487
E07000010,2020,102228
E07000010,2021,102731
E07000010,2022,103019
E07000010,2023,103700
E07000010,2024,104896
E07000011,2011,170039
E07000011,2012,171437
E07000011,2013,172540
E07000011,2014,174283
E07000011,2015,175647
E07000011,2016,176425
E07000011,2017,176743
E07000011,2018,176909
E07000011,2019,176968
E07000011,2020,177816
E07000011,2021,181827
E07000011,2022,184117
E07000011,2023,187113
E07000011,2024,190619
E07000012,2011,149842
E07000012,2012,151133
E07000012,2013,151598
E07000012,2014,153423
E07000012,2015,154962
E07000012,2016,156780
E07000012,2017,157215
E07000012,2018,157810
E07000012,2019,159031
E07000012,2020,160548
E07000012,2021,163042
E07000012,2022,165727
E07000012,2023,169328
E07000012,2024,172544
E07000032,2011,122521
E07000032,2012,122438
E07000032,2013,122856
E07000032,2014,123018
E07000032,2015,122835
E07000032,2016,123411
E07000032,2017,124225
E07000032,2018,124804
E07000032,2019,125791
E07000032,2020,125953
E07000032,2021,126442
E07000032,2022,127031
E07000032,2023,128408
E07000032,2024,130451
E07000033,2011,76029
E07000033,2012,76505
E07000033,2013,76811
E07000033,2014,77074
E07000033,2015,77625
E07000033,2016,77870
E07000033,2017,78444
E07000033,2018,78566
E07000033,2019,79178
E07000033,2020,79647
E07000033,2021,80473
E07000033,2022,81490
E07000033,2023,82771
E07000033,2024,83773
E07000034,2011,103788
E07000034,2012,103835
E07000034,2013,104102
E07000034,2014,104285
E07000034,2015,104415
E07000034,2016,104347
E07000034,2017,104236
E07000034,2018,104056
E07000034,2019,104154
E07000034,2020,103761
E07000034,2021,103673
E07000034,2022,104175
E07000034,2023,105325
E07000034,2024,106045
E07000035,2011,71104
E07000035,2012,71272
E07000035,2013,71148
E07000035,2014,71154
E07000035,2015,70893
E07000035,2016,70883
E07000035,2017,71092
E07000035,2018,71130
E07000035,2019,71190
E07000035,2020,70972
E07000035,2021,71659
E07000035,2022,71771
E07000035,2023,71946
E07000035,2024,71757
E07000036,2011,112249
E07000036,2012,112716
E07000036,2013,112871
E07000036,2014,113639
E07000036,2015,113984
E07000036,2016,114249
E07000036,2017,114129
E07000036,2018,114181
E07000036,2019,113711
E07000036,2020,113348
E07000036,2021,113039
E07000036,2022,112997
E07000036,2023,114156
E07000036,2024,114253
E07000037,2011,90982
E07000037,2012,90983
E07000037,2013,90930
E07000037,2014,90860
E07000037,2015,90766
E07000037,2016,90812
E07000037,2017,90991
E07000037,2018,90895
E07000037,2019,91170
E07000037,2020,90909
E07000037,2021,91079
E07000037,2022,91155
E07000037,2023,91752
E07000037,2024,91959
E07000038,2011,99100
E07000038,2012,99320
E07000038,2013,99091
E07000038,2014,99083
E07000038,2015,99173
E07000038,2016,99755
E07000038,2017,99897
E07000038,2018,100100
E07000038,2019,100371
E07000038,2020,100978
E07000038,2021,102294
E07000038,2022,103824
E07000038,2023,104862
E07000038,2024,106646
E07000039,2011,94915
E07000039,2012,95521
E07000039,2013,96193
E07000039,2014,97213
E07000039,2015,97682
E07000039,2016,98630
E07000039,2017,99868
E07000039,2018,101194
E07000039,2019,103315
E07000039,2020,105265
E07000039,2021,108051
E07000039,2022,111235
E07000039,2023,114413
E07000039,2024,117493
E07000040,2011,133272
E07000040,2012,134117
E07000040,2013,134763
E07000040,2014,136571
E07000040,2015,138588
E07000040,2016,140917
E07000040,2017,143284
E07000040,2018,145151
E07000040,2019,147346
E07000040,2020,148592
E07000040,2021,152065
E07000040,2022,154307
E07000040,2023,156378
E07000040,2024,158239
E07000041,2011,117063
E07000041,2012,117980
E07000041,2013,118994
E07000041,2014,119789
E07000041,2015,121583
E07000041,2016,123347
E07000041,2017,124817
E07000041,2018,125758
E07000041,2019,126312
E07000041,2020,127345
E07000041,2021,129527
E07000041,2022,134458
E07000041,2023,135708
E07000041,2024,138399
E07000042,2011,77936
E07000042,2012,78318
E07000042,2013,78572
E07000042,2014,78969
E07000042,2015,79167
E07000042,2016,79448
E07000042,2017,80054
E07000042,2018,80858
E07000042,2019,81434
E07000042,2020,82130
E07000042,2021,83171
E07000042,2022,83840
E07000042,2023,84266
E07000042,2024,84993
E07000043,2011,93976
E07000043,2012,93742
E07000043,2013,93610
E07000043,2014,93740
E07000043,2015,93859
E07000043,2016,94407
E07000043,2017,95356
E07000043,2018,96052
E07000043,2019,97325
E07000043,2020,97622
E07000043,2021,99398
E07000043,2022,100509
E07000043,2023,100664
E07000043,2024,101222
E07000044,2011,83563
E07000044,2012,83523
E07000044,2013,83867
E07000044,2014,84221
E07000044,2015,84616
E07000044,2016,84554
E07000044,2017,85183
E07000044,2018,85874
E07000044,2019,86458
E07000044,2020,87371
E07000044,2021,89161
E07000044,2022,89795
E07000044,2023,90937
E07000044,2024,92148
E07000045,2011,124271
E07000045,2012,124830
E07000045,2013,125754
E07000045,2014,127236
E07000045,2015,128566
E07000045,2016,129668
E07000045,2017,131572
E07000045,2018,132707
E07000045,2019,133965
E07000045,2020,133869
E07000045,2021,135189
E07000045,2022,135986
E07000045,2023,137363
E07000045,2024,138548
E07000046,2011,63973
E07000046,2012,64688
E07000046,2013,64860
E07000046,2014,65306
E07000046,2015,65808
E07000046,2016,66512
E07000046,2017,67529
E07000046,2018,67787
E07000046,2019,67837
E07000046,2020,67631
E07000046,2021,68444
E07000046,2022,68696
E07000046,2023,69291
E07000046,2024,69841
E07000047,2011,53655
E07000047,2012,53938
E07000047,2013,54011
E07000047,2014,54402
E07000047,2015,54623
E07000047,2016,54947
E07000047,2017,55557
E07000047,2018,55647
E07000047,2019,55865
E07000047,2020,56236
E07000047,2021,57480
E07000047,2022,58218
E07000047,2023,58920
E07000047,2024,58923
E07000061,2011,99308
E07000061,2012,99990
E07000061,2013,100662
E07000061,2014,101328
E07000061,2015,101996
E07000061,2016,102610
E07000061,2017,102964
E07000061,2018,102544
E07000061,2019,102754
E07000061,2020,101984
E07000061,2021,101601
E07000061,2022,102304
E07000061,2023,103862
E07000061,2024,104259
E07000062,2011,90173
E07000062,2012,90493
E07000062,2013,90994
E07000062,2014,91356
E07000062,2015,91795
E07000062,2016,92347
E07000062,2017,92016
E07000062,2018,91963
E07000062,2019,91570
E07000062,2020,91130
E07000062,2021,90974
E07000062,2022,90734
E07000062,2023,91221
E07000062,2024,91219
E07000063,2011,97584
E07000063,2012,98532
E07000063,2013,99215
E07000063,2014,99607
E07000063,2015,99717
E07000063,2016,100062
E07000063,2017,100434
E07000063,2018,100589
E07000063,2019,100813
E07000063,2020,100443
E07000063,2021,100166
E07000063,2022,100693
E07000063,2023,101605
E07000063,2024,102363
E07000064,2011,90729
E07000064,2012,90735
E07000064,2013,90487
E07000064,2014,91269
E07000064,2015,91751
E07000064,2016,92314
E07000064,2017,92904
E07000064,2018,92832
E07000064,2019,92581
E07000064,2020,92734
E07000064,2021,93409
E07000064,2022,94323
E07000064,2023,95089
E07000064,2024,96133
E07000065,2011,149415
E07000065,2012,150608
E07000065,2013,151825
E07000065,2014,154017
E07000065,2015,155361
E07000065,2016,156056
E07000065,2017,156379
E07000065,2018,156791
E07000065,2019,157543
E07000065,2020,158291
E07000065,2021,160711
E07000065,2022,163091
E07000065,2023,164861
E07000065,2024,166908
E07000066,2011,174971
E07000066,2012,176622
E07000066,2013,178944
E07000066,2014,181317
E07000066,2015,182734
E07000066,2016,184651
E07000066,2017,185299
E07000066,2018,186668
E07000066,2019,187714
E07000066,2020,187796
E07000066,2021,187718
E07000066,2022,188793
E07000066,2023,191120
E07000066,2024,193632
E07000067,2011,147514
E07000067,2012,148443
E07000067,2013,149285
E07000067,2014,150314
E07000067,2015,150908
E07000067,2016,151848
E07000067,2017,152422
E07000067,2018,152353
E07000067,2019,153439
E07000067,2020,154107
E07000067,2021,155693
E07000067,2022,157656
E07000067,2023,160494
E07000067,2024,164304
E07000068,2011,73841
E07000068,2012,74255
E07000068,2013,74912
E07000068,2014,76193
E07000068,2015,76690
E07000068,2016,77163
E07000068,2017,76950
E07000068,2018,76854
E07000068,2019,77231
E07000068,2020,77339
E07000068,2021,77111
E07000068,2022,77316
E07000068,2023,78381
E07000068,2024,79326
E07000069,2011,87964
E07000069,2012,88119
E07000069,2013,88377
E07000069,2014,88654
E07000069,2015,88854
E07000069,2016,89390
E07000069,2017,89275
E07000069,2018,89341
E07000069,2019,89619
E07000069,2020,89782
E07000069,2021,89712
E07000069,2022,89779
E07000069,2023,90140
E07000069,2024,90581
E07000070,2011,168491
E07000070,2012,169301
E07000070,2013,170481
E07000070,2014,172128
E07000070,2015,173397
E07000070,2016,175137
E07000070,2017,177102
E07000070,2018,178017
E07000070,2019,179882
E07000070,2020,180488
E07000070,2021,181827
E07000070,2022,183471
E07000070,2023,186060
E07000070,2024,188803
E07000071,2011,173614
E07000071,2012,175840
E07000071,2013,177308
E07000071,2014,180414
E07000071,2015,183242
E07000071,2016,185361
E07000071,2017,187177
E07000071,2018,189101
E07000071,2019,190470
E07000071,2020,191979
E07000071,2021,192658
E07000071,2022,194475
E07000071,2023,198497
E07000071,2024,200222
E07000072,2011,124880
E07000072,2012,126599
E07000072,2013,128068
E07000072,2014,130040
E07000072,2015,130848
E07000072,2016,131587
E07000072,2017,132376
E07000072,2018,133373
E07000072,2019,134206
E07000072,2020,134569
E07000072,2021,134941
E07000072,2022,134889
E07000072,2023,136176
E07000072,2024,137451
E07000073,2011,82177
E07000073,2012,83478
E07000073,2013,84743
E07000073,2014,86531
E07000073,2015,87797
E07000073,2016,88913
E07000073,2017,89824
E07000073,2018,90695
E07000073,2019,91952
E07000073,2020,92415
E07000073,2021,93428
E07000073,2022,94447
E07000073,2023,96429
E07000073,2024,98235
E07000074,2011,61720
E07000074,2012,61942
E07000074,2013,62184
E07000074,2014,62807
E07000074,2015,62796
E07000074,2016,63319
E07000074,2017,63743
E07000074,2018,64015
E07000074,2019,64481
E07000074,2020,65090
E07000074,2021,66611
E07000074,2022,67624
E07000074,2023,68400
E07000074,2024,69131
E07000075,2011,83333
E07000075,2012,83582
E07000075,2013,83372
E07000075,2014,84111
E07000075,2015,84291
E07000075,2016,84568
E07000075,2017,84672
E07000075,2018,85129
E07000075,2019,85290
E07000075,2020,85213
E07000075,2021,86181
E07000075,2022,87272
E07000075,2023,88560
E07000075,2024,89815
E07000076,2011,138062
E07000076,2012,138278
E07000076,2013,138862
E07000076,2014,140275
E07000076,2015,141531
E07000076,2016,143023
E07000076,2017,144323
E07000076,2018,145128
E07000076,2019,145696
E07000076,2020,146255
E07000076,2021,148925
E07000076,2022,151530
E07000076,2023,154321
E07000076,2024,156759
E07000077,2011,80032
E07000077,2012,81148
E07000077,2013,82364
E07000077,2014,83732
E07000077,2015,84622
E07000077,2016,85565
E07000077,2017,86511
E07000077,2018,87711
E07000077,2019,89361
E07000077,2020,90482
E07000077,2021,91921
E07000077,2022,92650
E07000077,2023,93910
E07000077,2024,95106
E07000078,2011,115645
E07000078,2012,116018
E07000078,2013,116164
E07000078,2014,117094
E07000078,2015,117693
E07000078,2016,118953
E07000078,2017,119303
E07000078,2018,119600
E07000078,2019,119459
E07000078,2020,118924
E07000078,2021,118838
E07000078,2022,119617
E07000078,2023,120859
E07000078,2024,121739
E07000079,2011,83180
E07000079,2012,83483
E07000079,2013,83986
E07000079,2014,84656
E07000079,2015,85293
E07000079,2016,85994
E07000079,2017,87540
E07000079,2018,88814
E07000079,2019,89632
E07000079,2020,89824
E07000079,2021,91076
E07000079,2022,91368
E07000079,2023,91511
E07000079,2024,91661
E07000080,2011,82200
E07000080,2012,82437
E07000080,2013,82672
E07000080,2014,83377
E07000080,2015,84335
E07000080,2016,85135
E07000080,2017,85557
E07000080,2018,86133
E07000080,2019,86274
E07000080,2020,86454
E07000080,2021,87114
E07000080,2022,87931
E07000080,2023,89050
E07000080,2024,89753
E07000081,2011,121921
E07000081,2012,123467
E07000081,2013,124947
E07000081,2014,126167
E07000081,2015,128032
E07000081,2016,129716
E07000081,2017,130898
E07000081,2018,131320
E07000081,2019,131776
E07000081,2020,132112
E07000081,2021,132564
E07000081,2022,133690
E07000081,2023,136302
E07000081,2024,138598
E07000082,2011,113074
E07000082,2012,113328
E07000082,2013,113895
E07000082,2014,115211
E07000082,2015,116770
E07000082,2016,117213
E07000082,2017,117613
E07000082,2018,118172
E07000082,2019,118832
E07000082,2020,119511
E07000082,2021,121493
E07000082,2022,123282
E07000082,2023,124456
E07000082,2024,125680
E07000083,2011,82269
E07000083,2012,82568
E07000083,2013,83549
E07000083,2014,84826
E07000083,2015,85548
E07000083,2016,87065
E07000083,2017,88801
E07000083,2018,90614
E07000083,2019,92703
E07000083,2020,93747
E07000083,2021,95400
E07000083,2022,97050
E07000083,2023,99546
E07000083,2024,101949
E07000084,2011,168550
E07000084,2012,171272
E07000084,2013,173300
E07000084,2014,175144
E07000084,2015,176838
E07000084,2016,178352
E07000084,2017,179083
E07000084,2018,179828
E07000084,2019,181396
E07000084,2020,183125
E07000084,2021,185713
E07000084,2022,188047
E07000084,2023,191048
E07000084,2024,193110
E07000085,2011,116010
E07000085,2012,116541
E07000085,2013,117343
E07000085,2014,118015
E07000085,2015,118760
E07000085,2016,118817
E07000085,2017,119451
E07000085,2018,120647
E07000085,2019,122154
E07000085,2020,123725
E07000085,2021,126192
E07000085,2022,127387
E07000085,2023,128945
E07000085,2024,129975
E07000086,2011,125852
E07000086,2012,126483
E07000086,2013,127248
E07000086,2014,128255
E07000086,2015,128283
E07000086,2016,128808
E07000086,2017,129386
E07000086,2018,130517
E07000086,2019,132175
E07000086,2020,134090
E07000086,2021,136963
E07000086,2022,139124
E07000086,2023,140997
E07000086,2024,142933
E07000087,2011,111931
E07000087,2012,113033
E07000087,2013,113410
E07000087,2014,114156
E07000087,2015,114480
E07000087,2016,115102
E07000087,2017,115232
E07000087,2018,115115
E07000087,2019,114879
E07000087,2020,114777
E07000087,2021,114952
E07000087,2022,114626
E07000087,2023,114776
E07000087,2024,115428
E07000088,2011,82669
E07000088,2012,83063
E07000088,2013,83015
E07000088,2014,83569
E07000088,2015,83834
E07000088,2016,84476
E07000088,2017,84246
E07000088,2018,83700
E07000088,2019,83022
E07000088,2020,82588
E07000088,2021,82169
E07000088,2022,82390
E07000088,2023,82742
E07000088,2024,82921
E07000089,2011,91662
E07000089,2012,92354
E07000089,2013,93015
E07000089,2014,93941
E07000089,2015,94766
E07000089,2016,95560
E07000089,2017,96322
E07000089,2018,97022
E07000089,2019,97727
E07000089,2020,98299
E07000089,2021,100262
E07000089,2022,100975
E07000089,2023,102305
E07000089,2024,103162
E07000090,2011,120783
E07000090,2012,120964
E07000090,2013,121105
E07000090,2014,121514
E07000090,2015,122189
E07000090,2016,123043
E07000090,2017,123836
E07000090,2018,124100
E07000090,2019,124099
E07000090,2020,124018
E07000090,2021,124467
E07000090,2022,124803
E07000090,2023,126037
E07000090,2024,126985
E07000091,2011,176789
E07000091,2012,177030
E07000091,2013,177362
E07000091,2014,177875
E07000091,2015,177813
E07000091,2016,177855
E07000091,2017,177616
E07000091,2018,177525
E07000091,2019,177111
E07000091,2020,175937
E07000091,2021,176217
E07000091,2022,175937
E07000091,2023,175724
E07000091,2024,176116
E07000092,2011,94354
E07000092,2012,95581
E07000092,2013,96344
E07000092,2014,97064
E07000092,2015,97682
E07000092,2016,99385
E07000092,2017,99590
E07000092,2018,99372
E07000092,2019,99756
E07000092,2020,100140
E07000092,2021,100096
E07000092,2022,101109
E07000092,2023,103379
E07000092,2024,105751
E07000093,2011,116698
E07000093,2012,117462
E07000093,2013,119068
E07000093,2014,120478
E07000093,2015,122256
E07000093,2016,124155
E07000093,2017,125250
E07000093,2018,126474
E07000093,2019,127652
E07000093,2020,128858
E07000093,2021,131158
E07000093,2022,132948
E07000093,2023,134336
E07000093,2024,135201
E07000094,2011,116820
E07000094,2012,117789
E07000094,2013,118736
E07000094,2014,119937
E07000094,2015,121440
E07000094,2016,122844
E07000094,2017,123771
E07000094,2018,123877
E07000094,2019,124407
E07000094,2020,125754
E07000094,2021,127921
E07000094,2022,130607
E07000094,2023,133253
E07000094,2024,135632
E07000095,2011,93702
E07000095,2012,94990
E07000095,2013,95712
E07000095,2014,96776
E07000095,2015,97275
E07000095,2016,98153
E07000095,2017,98096
E07000095,2018,98317
E07000095,2019,98869
E07000095,2020,99311
E07000095,2021,99142
E07000095,2022,98952
E07000095,2023,100747
E07000095,2024,101900
E07000096,2011,145298
E07000096,2012,146826
E07000096,2013,148057
E07000096,2014,149380
E07000096,2015,150906
E07000096,2016,152462
E07000096,2017,153282
E07000096,2018,153982
E07000096,2019,154367
E07000096,2020,154815
E07000096,2021,155211
E07000096,2022,156299
E07000096,2023,158754
E07000096,2024,161420
E07000098,2011,100379
E07000098,2012,101389
E07000098,2013,102201
E07000098,2014,103541
E07000098,2015,104414
E07000098,2016,105372
E07000098,2017,105920
E07000098,2018,106458
E07000098,2019,107234
E07000098,2020,107612
E07000098,2021,108129
E07000098,2022,108310
E07000098,2023,109483
E07000098,2024,110212
E07000099,2011,127494
E07000099,2012,128542
E07000099,2013,129460
E07000099,2014,131062
E07000099,2015,131662
E07000099,2016,133103
E07000099,2017,133629
E07000099,2018,133283
E07000099,2019,133195
E07000099,2020,133054
E07000099,2021,133583
E07000099,2022,134255
E07000099,2023,135752
E07000099,2024,137201
E07000102,2011,87921
E07000102,2012,89115
E07000102,2013,89814
E07000102,2014,90723
E07000102,2015,91961
E07000102,2016,92959
E07000102,2017,93075
E07000102,2018,93209
E07000102,2019,93443
E07000102,2020,93795
E07000102,2021,93934
E07000102,2022,94231
E07000102,2023,95093
E07000102,2024,95807
E07000103,2011,90653
E07000103,2012,93066
E07000103,2013,95732
E07000103,2014,98101
E07000103,2015,99449
E07000103,2016,100458
E07000103,2017,100957
E07000103,2018,101658
E07000103,2019,102172
E07000103,2020,102322
E07000103,2021,102507
E07000103,2022,103038
E07000103,2023,105261
E07000103,2024,107171
E07000105,2011,118405
E07000105,2012,120191
E07000105,2013,121850
E07000105,2014,123682
E07000105,2015,124580
E07000105,2016,126327
E07000105,2017,128049
E07000105,2018,129701
E07000105,2019,130466
E07000105,2020,131431
E07000105,2021,133221
E07000105,2022,135818
E07000105,2023,139010
E07000105,2024,140936
E07000106,2011,150600
E07000106,2012,151710
E07000106,2013,153475
E07000106,2014,155151
E07000106,2015,156143
E07000106,2016,157280
E07000106,2017,157944
E07000106,2018,157256
E07000106,2019,157109
E07000106,2020,157187
E07000106,2021,156631
E07000106,2022,158723
E07000106,2023,160826
E07000106,2024,162100
E07000107,2011,97604
E07000107,2012,99064
E07000107,2013,100756
E07000107,2014,102765
E07000107,2015,104379
E07000107,2016,105905
E07000107,2017,108372
E07000107,2018,110818
E07000107,2019,113928
E07000107,2020,115572
E07000107,2021,116819
E07000107,2022,119042
E07000107,2023,121966
E07000107,2024,125011
E07000108,2011,111718
E07000108,2012,111529
E07000108,2013,111979
E07000108,2014,112541
E07000108,2015,112464
E07000108,2016,113365
E07000108,2017,114335
E07000108,2018,115148
E07000108,2019,115902
E07000108,2020,116134
E07000108,2021,116549
E07000108,2022,117445
E07000108,2023,118781
E07000108,2024,119768
E07000109,2011,101766
E07000109,2012,103004
E07000109,2013,103837
E07000109,2014,105434
E07000109,2015,106404
E07000109,2016,106823
E07000109,2017,106543
E07000109,2018,106726
E07000109,2019,107348
E07000109,2020,107146
E07000109,2021,106883
E07000109,2022,106997
E07000109,2023,109059
E07000109,2024,110671
E07000110,2011,155764
E07000110,2012,157457
E07000110,2013,159308
E07000110,2014,161567
E07000110,2015,164112
E07000110,2016,165953
E07000110,2017,168115
E07000110,2018,169974
E07000110,2019,171816
E07000110,2020,173272
E07000110,2021,176697
E07000110,2022,180144
E07000110,2023,184281
E07000110,2024,187767
E07000111,2011,115351
E07000111,2012,116250
E07000111,2013,116696
E07000111,2014,117376
E07000111,2015,117735
E07000111,2016,118289
E07000111,2017,118489
E07000111,2018,119165
E07000111,2019,119575
E07000111,2020,120051
E07000111,2021,120823
E07000111,2022,121194
E07000111,2023,121774
E07000111,2024,122748
E07000112,2011,108199
E07000112,2012,108185
E07000112,2013,107899
E07000112,2014,108153
E07000112,2015,108327
E07000112,2016,109235
E07000112,2017,109095
E07000112,2018,109728
E07000112,2019,109659
E07000112,2020,109587
E07000112,2021,110040
E07000112,2022,110372
E07000112,2023,111486
E07000112,2024,112411
E07000113,2011,136324
E07000113,2012,137694
E07000113,2013,139135
E07000113,2014,140992
E07000113,2015,142723
E07000113,2016,145184
E07000113,2017,146846
E07000113,2018,148400
E07000113,2019,149753
E07000113,2020,150584
E07000113,2021,152218
E07000113,2022,154508
E07000113,2023,156180
E07000113,2024,158379
E07000114,2011,134402
E07000114,2012,135730
E07000114,2013,136916
E07000114,2014,138695
E07000114,2015,139668
E07000114,2016,140373
E07000114,2017,140680
E07000114,2018,140848
E07000114,2019,140624
E07000114,2020,139945
E07000114,2021,140658
E07000114,2022,140699
E07000114,2023,141049
E07000114,2024,142691
E07000115,2011,121087
E07000115,2012,122046
E07000115,2013,123006
E07000115,2014,124603
E07000115,2015,125712
E07000115,2016,127090
E07000115,2017,128680
E07000115,2018,130149
E07000115,2019,131502
E07000115,2020,131791
E07000115,2021,132363
E07000115,2022,133655
E07000115,2023,135432
E07000115,2024,136853
E07000116,2011,115246
E07000116,2012,115402
E07000116,2013,115164
E07000116,2014,115228
E07000116,2015,114769
E07000116,2016,115198
E07000116,2017,115559
E07000116,2018,114940
E07000116,2019,115158
E07000116,2020,115271
E07000116,2021,115650
E07000116,2022,116263
E07000116,2023,117741
E07000116,2024,119694
E07000117,2011,87032
E07000117,2012,87563
E07000117,2013,87795
E07000117,2014,88786
E07000117,2015,89230
E07000117,2016,89891
E07000117,2017,90902
E07000117,2018,91994
E07000117,2019,92949
E07000117,2020,93927
E07000117,2021,94734
E07000117,2022,95894
E07000117,2023,97425
E07000117,2024,99233
E07000118,2011,107591
E07000118,2012,108916
E07000118,2013,110160
E07000118,2014,111174
E07000118,2015,112418
E07000118,2016,113593
E07000118,2017,114810
E07000118,2018,115739
E07000118,2019,116762
E07000118,2020,117178
E07000118,2021,117908
E07000118,2022,118677
E07000118,2023,119823
E07000118,2024,120839
E07000119,2011,76098
E07000119,2012,75901
E07000119,2013,76253
E07000119,2014,76907
E07000119,2015,77135
E07000119,2016,77886
E07000119,2017,78423
E07000119,2018,79191
E07000119,2019,79852
E07000119,2020,80176
E07000119,2021,81750
E07000119,2022,83050
E07000119,2023,84210
E07000119,2024,85447
E07000120,2011,80549
E07000120,2012,80362
E07000120,2013,80316
E07000120,2014,80707
E07000120,2015,80781
E07000120,2016,81242
E07000120,2017,81392
E07000120,2018,81778
E07000120,2019,81954
E07000120,2020,82144
E07000120,2021,82271
E07000120,2022,83398
E07000120,2023,84747
E07000120,2024,86058
E07000121,2011,137823
E07000121,2012,138452
E07000121,2013,138695
E07000121,2014,138469
E07000121,2015,138102
E07000121,2016,138572
E07000121,2017,138678
E07000121,2018,138995
E07000121,2019,139795
E07000121,2020,140881
E07000121,2021,142351
E07000121,2022,144366
E07000121,2023,145056
E07000121,2024,145006
E07000122,2011,89576
E07000122,2012,89873
E07000122,2013,90720
E07000122,2014,90803
E07000122,2015,91531
E07000122,2016,92502
E07000122,2017,93066
E07000122,2018,93872
E07000122,2019,94896
E07000122,2020,95099
E07000122,2021,95819
E07000122,2022,96509
E07000122,2023,97881
E07000122,2024,99777
E07000123,2011,140054
E07000123,2012,140216
E07000123,2013,140302
E07000123,2014,140158
E07000123,2015,140615
E07000123,2016,140468
E07000123,2017,141734
E07000123,2018,142417
E07000123,2019,144624
E07000123,2020,145912
E07000123,2021,147786
E07000123,2022,152550
E07000123,2023,158317
E07000123,2024,162864
E07000124,2011,57292
E07000124,2012,57509
E07000124,2013,57692
E07000124,2014,57911
E07000124,2015,58275
E07000124,2016,58611
E07000124,2017,59066
E07000124,2018,59452
E07000124,2019,59903
E07000124,2020,60780
E07000124,2021,61865
E07000124,2022,63235
E07000124,2023,64736
E07000124,2024,65794
E07000125,2011,68053
E07000125,2012,68144
E07000125,2013,68505
E07000125,2014,68931
E07000125,2015,69196
E07000125,2016,69475
E07000125,2017,70084
E07000125,2018,70515
E07000125,2019,70884
E07000125,2020,70811
E07000125,2021,71008
E07000125,2022,71264
E07000125,2023,71962
E07000125,2024,73045
E07000126,2011,109181
E07000126,2012,108879
E07000126,2013,108916
E07000126,2014,109357
E07000126,2015,109873
E07000126,2016,110253
E07000126,2017,110348
E07000126,2018,110334
E07000126,2019,110477
E07000126,2020,110613
E07000126,2021,111203
E07000126,2022,112351
E07000126,2023,113957
E07000126,2024,116113
E07000127,2011,110617
E07000127,2012,111040
E07000127,2013,111735
E07000127,2014,112544
E07000127,2015,113536
E07000127,2016,114243
E07000127,2017,115210
E07000127,2018,115366
E07000127,2019,115744
E07000127,2020,116198
E07000127,2021,117099
E07000127,2022,119401
E07000127,2023,120157
E07000127,2024,121995
E07000128,2011,107692
E07000128,2012,107466
E07000128,2013,107497
E07000128,2014,107765
E07000128,2015,108461
E07000128,2016,108574
E07000128,2017,108707
E07000128,2018,109019
E07000128,2019,109544
E07000128,2020,110409
E07000128,2021,112434
E07000128,2022,114974
E07000128,2023,116832
E07000128,2024,118743
E07000129,2011,94132
E07000129,2012,94656
E07000129,2013,95045
E07000129,2014,95964
E07000129,2015,96604
E07000129,2016,98014
E07000129,2017,99366
E07000129,2018,100767
E07000129,2019,101777
E07000129,2020,102293
E07000129,2021,103271
E07000129,2022,104287
E07000129,2023,105513
E07000129,2024,108165
E07000130,2011,165876
E07000130,2012,167474
E07000130,2013,168766
E07000130,2014,170946
E07000130,2015,172909
E07000130,2016,174625
E07000130,2017,176997
E07000130,2018,179191
E07000130,2019,180988
E07000130,2020,182108
E07000130,2021,182906
E07000130,2022,185174
E07000130,2023,187179
E07000130,2024,188385
E07000131,2011,85699
E07000131,2012,86350
E07000131,2013,87346
E07000131,2014,87991
E07000131,2015,89402
E07000131,2016,90610
E07000131,2017,91718
E07000131,2018,92648
E07000131,2019,93661
E07000131,2020,95288
E07000131,2021,98254
E07000131,2022,100666
E07000131,2023,102910
E07000131,2024,104713
E07000132,2011,105328
E07000132,2012,105955
E07000132,2013,106415
E07000132,2014,107468
E07000132,2015,108609
E07000132,2016,109920
E07000132,2017,111431
E07000132,2018,112245
E07000132,2019,112688
E07000132,2020,113051
E07000132,2021,113653
E07000132,2022,114327
E07000132,2023,115314
E07000132,2024,116682
E07000133,2011,50495
E07000133,2012,50814
E07000133,2013,50891
E07000133,2014,50990
E07000133,2015,51013
E07000133,2016,51146
E07000133,2017,51113
E07000133,2018,51331
E07000133,2019,51470
E07000133,2020,51583
E07000133,2021,51756
E07000133,2022,52451
E07000133,2023,53291
E07000133,2024,54052
E07000134,2011,93670
E07000134,2012,93805
E07000134,2013,94358
E07000134,2014,95270
E07000134,2015,96362
E07000134,2016,97729
E07000134,2017,99315
E07000134,2018,101195
E07000134,2019,102461
E07000134,2020,103344
E07000134,2021,105004
E07000134,2022,107739
E07000134,2023,110203
E07000134,2024,111881
E07000135,2011,55979
E07000135,2012,56044
E07000135,2013,56060
E07000135,2014,56783
E07000135,2015,56216
E07000135,2016,56044
E07000135,2017,57516
E07000135,2018,57713
E07000135,2019,57772
E07000135,2020,57869
E07000135,2021,57788
E07000135,2022,58541
E07000135,2023,59826
E07000135,2024,61695
E07000136,2011,64615
E07000136,2012,65264
E07000136,2013,66612
E07000136,2014,67142
E07000136,2015,67586
E07000136,2016,68589
E07000136,2017,69673
E07000136,2018,70132
E07000136,2019,70226
E07000136,2020,70181
E07000136,2021,70815
E07000136,2022,70741
E07000136,2023,71126
E07000136,2024,71080
E07000137,2011,136683
E07000137,2012,136431
E07000137,2013,136399
E07000137,2014,137342
E07000137,2015,137753
E07000137,2016,138488
E07000137,2017,140072
E07000137,2018,141073
E07000137,2019,142039
E07000137,2020,141665
E07000137,2021,142916
E07000137,2022,144227
E07000137,2023,144971
E07000137,2024,145183
E07000138,2011,93085
E07000138,2012,95501
E07000138,2013,97452
E07000138,2014,98482
E07000138,2015,99442
E07000138,2016,100679
E07000138,2017,102241
E07000138,2018,103212
E07000138,2019,103604
E07000138,2020,103531
E07000138,2021,102411
E07000138,2022,103026
E07000138,2023,104122
E07000138,2024,105114
E07000139,2011,108518
E07000139,2012,109139
E07000139,2013,109654
E07000139,2014,110746
E07000139,2015,111665
E07000139,2016,113063
E07000139,2017,114423
E07000139,2018,114860
E07000139,2019,115821
E07000139,2020,117057
E07000139,2021,118502
E07000139,2022,119799
E07000139,2023,121115
E07000139,2024,122468
E07000140,2011,88390
E07000140,2012,88502
E07000140,2013,89046
E07000140,2014,89914
E07000140,2015,90802
E07000140,2016,91970
E07000140,2017,92587
E07000140,2018,92964
E07000140,2019,93467
E07000140,2020,94029
E07000140,2021,95490
E07000140,2022,97063
E07000140,2023,98312
E07000140,2024,99298
E07000141,2011,134125
E07000141,2012,135092
E07000141,2013,136342
E07000141,2014,138082
E07000141,2015,138915
E07000141,2016,140409
E07000141,2017,141116
E07000141,2018,141616
E07000141,2019,142212
E07000141,2020,142869
E07000141,2021,143751
E07000141,2022,144322
E07000141,2023,146114
E07000141,2024,147151
E07000142,2011,89352
E07000142,2012,89878
E07000142,2013,90396
E07000142,2014,91273
E07000142,2015,92188
E07000142,2016,92943
E07000142,2017,92919
E07000142,2018,93424
E07000142,2019,93894
E07000142,2020,94278
E07000142,2021,95555
E07000142,2022,96860
E07000142,2023,98224
E07000142,2024,99208
E07000143,2011,131009
E07000143,2012,131701
E07000143,2013,132905
E07000143,2014,134204
E07000143,2015,135667
E07000143,2016,137190
E07000143,2017,138592
E07000143,2018,139146
E07000143,2019,139523
E07000143,2020,140408
E07000143,2021,142160
E07000143,2022,143422
E07000143,2023,144934
E07000143,2024,146620
E07000144,2011,124740
E07000144,2012,124952
E07000144,2013,125081
E07000144,2014,125305
E07000144,2015,125837
E07000144,2016,126642
E07000144,2017,127708
E07000144,2018,128674
E07000144,2019,129721
E07000144,2020,130760
E07000144,2021,132238
E07000144,2022,133839
E07000144,2023,135997
E07000144,2024,138157
E07000145,2011,97424
E07000145,2012,97682
E07000145,2013,98076
E07000145,2014,98520
E07000145,2015,99031
E07000145,2016,99471
E07000145,2017,100181
E07000145,2018,100343
E07000145,2019,100448
E07000145,2020,99851
E07000145,2021,100179
E07000145,2022,99798
E07000145,2023,100209
E07000145,2024,100529
E07000146,2011,147936
E07000146,2012,148938
E07000146,2013,149722
E07000146,2014,150742
E07000146,2015,151863
E07000146,2016,152867
E07000146,2017,153666
E07000146,2018,153451
E07000146,2019,153332
E07000146,2020,153023
E07000146,2021,154920
E07000146,2022,155665
E07000146,2023,156201
E07000146,2024,156206
E07000147,2011,101664
E07000147,2012,101445
E07000147,2013,101410
E07000147,2014,102012
E07000147,2015,101973
E07000147,2016,102176
E07000147,2017,102718
E07000147,2018,102523
E07000147,2019,102509
E07000147,2020,102064
E07000147,2021,103239
E07000147,2022,103178
E07000147,2023,103280
E07000147,2024,103217
E07000148,2011,132158
E07000148,2012,134378
E07000148,2013,136514
E07000148,2014,137631
E07000148,2015,138625
E07000148,2016,141332
E07000148,2017,142110
E07000148,2018,143830
E07000148,2019,143300
E07000148,2020,143935
E07000148,2021,143217
E07000148,2022,144956
E07000148,2023,146404
E07000148,2024,147182
E07000149,2011,124495
E07000149,2012,125680
E07000149,2013,127063
E07000149,2014,128572
E07000149,2015,129942
E07000149,2016,131472
E07000149,2017,133573
E07000149,2018,135560
E07000149,2019,138131
E07000149,2020,139842
E07000149,2021,142509
E07000149,2022,144641
E07000149,2023,146645
E07000149,2024,148448
E07000170,2011,119522
E07000170,2012,119990
E07000170,2013,121352
E07000170,2014,122199
E07000170,2015,123115
E07000170,2016,123989
E07000170,2017,125410
E07000170,2018,126076
E07000170,2019,126521
E07000170,2020,126687
E07000170,2021,126356
E07000170,2022,127126
E07000170,2023,128449
E07000170,2024,129572
E07000171,2011,113003
E07000171,2012,113248
E07000171,2013,113577
E07000171,2014,114026
E07000171,2015,114393
E07000171,2016,114879
E07000171,2017,115757
E07000171,2018,116212
E07000171,2019,116485
E07000171,2020,117068
E07000171,2021,118327
E07000171,2022,120051
E07000171,2023,122577
E07000171,2024,124937
E07000172,2011,109749
E07000172,2012,110300
E07000172,2013,110470
E07000172,2014,110527
E07000172,2015,110398
E07000172,2016,110346
E07000172,2017,110573
E07000172,2018,110937
E07000172,2019,111257
E07000172,2020,111397
E07000172,2021,110796
E07000172,2022,112418
E07000172,2023,113644
E07000172,2024,114565
E07000173,2011,113741
E07000173,2012,114062
E07000173,2013,114963
E07000173,2014,115840
E07000173,2015,115977
E07000173,2016,116418
E07000173,2017,116451
E07000173,2018,117092
E07000173,2019,117129
E07000173,2020,117141
E07000173,2021,117291
E07000173,2022,117735
E07000173,2023,119053
E07000173,2024,120179
E07000174,2011,104551
E07000174,2012,104995
E07000174,2013,105771
E07000174,2014,106514
E07000174,2015,107510
E07000174,2016,108952
E07000174,2017,109461
E07000174,2018,109946
E07000174,2019,110237
E07000174,2020,109964
E07000174,2021,110592
E07000174,2022,111084
E07000174,2023,112277
E07000174,2024,113138
E07000175,2011,114982
E07000175,2012,115773
E07000175,2013,116670
E07000175,2014,117638
E07000175,2015,118248
E07000175,2016,119388
E07000175,2017,120455
E07000175,2018,121025
E07000175,2019,121624
E07000175,2020,121831
E07000175,2021,123352
E07000175,2022,125042
E07000175,2023,126372
E07000175,2024,127886
E07000176,2011,111248
E07000176,2012,111243
E07000176,2013,112316
E07000176,2014,112623
E07000176,2015,113009
E07000176,2016,113450
E07000176,2017,114226
E07000176,2018,115461
E07000176,2019,116647
E07000176,2020,118030
E07000176,2021,119418
E07000176,2022,121920
E07000176,2023,124356
E07000176,2024,126736
E07000177,2011,142252
E07000177,2012,143519
E07000177,2013,145185
E07000177,2014,146636
E07000177,2015,148630
E07000177,2016,150819
E07000177,2017,152329
E07000177,2018,154367
E07000177,2019,156447
E07000177,2020,158435
E07000177,2021,161830
E07000177,2022,164356
E07000177,2023,167480
E07000177,2024,170426
E07000178,2011,150245
E07000178,2012,152407
E07000178,2013,154916
E07000178,2014,157582
E07000178,2015,158156
E07000178,2016,160119
E07000178,2017,160754
E07000178,2018,161342
E07000178,2019,160789
E07000178,2020,160064
E07000178,2021,160379
E07000178,2022,163100
E07000178,2023,165441
E07000178,2024,166034
E07000179,2011,134961
E07000179,2012,136267
E07000179,2013,137403
E07000179,2014,139186
E07000179,2015,140260
E07000179,2016,141511
E07000179,2017,142115
E07000179,2018,143019
E07000179,2019,144875
E07000179,2020,146844
E07000179,2021,150002
E07000179,2022,151886
E07000179,2023,153946
E07000179,2024,156470
E07000180,2011,121891
E07000180,2012,122622
E07000180,2013,123441
E07000180,2014,124581
E07000180,2015,126165
E07000180,2016,128387
E07000180,2017,130701
E07000180,2018,132875
E07000180,2019,135040
E07000180,2020,136889
E07000180,2021,139400
E07000180,2022,142501
E07000180,2023,145795
E07000180,2024,149347
E07000181,2011,105442
E07000181,2012,107428
E07000181,2013,108445
E07000181,2014,108636
E07000181,2015,109360
E07000181,2016,109705
E07000181,2017,110289
E07000181,2018,110656
E07000181,2019,111362
E07000181,2020,112534
E07000181,2021,115116
E07000181,2022,117068
E07000181,2023,119221
E07000181,2024,120941
E07000192,2011,97582
E07000192,2012,97537
E07000192,2013,97578
E07000192,2014,97703
E07000192,2015,97502
E07000192,2016,97312
E07000192,2017,97693
E07000192,2018,98553
E07000192,2019,98983
E07000192,2020,99565
E07000192,2021,100595
E07000192,2022,101165
E07000192,2023,103163
E07000192,2024,104088
E07000193,2011,113858
E07000193,2012,114853
E07000193,2013,115724
E07000193,2014,116812
E07000193,2015,117657
E07000193,2016,118986
E07000193,2017,119782
E07000193,2018,120861
E07000193,2019,122052
E07000193,2020,123096
E07000193,2021,124486
E07000193,2022,125819
E07000193,2023,127909
E07000193,2024,129659
E07000194,2011,100911
E07000194,2012,101286
E07000194,2013,101808
E07000194,2014,101910
E07000194,2015,102430
E07000194,2016,102624
E07000194,2017,102975
E07000194,2018,103163
E07000194,2019,104179
E07000194,2020,105008
E07000194,2021,106883
E07000194,2022,108305
E07000194,2023,110192
E07000194,2024,111932
E07000195,2011,123878
E07000195,2012,123132
E07000195,2013,123872
E07000195,2014,124162
E07000195,2015,123919
E07000195,2016,125367
E07000195,2017,125303
E07000195,2018,125755
E07000195,2019,125075
E07000195,2020,124567
E07000195,2021,123039
E07000195,2022,125428
E07000195,2023,126282
E07000195,2024,127727
E07000196,2011,108318
E07000196,2012,108331
E07000196,2013,109840
E07000196,2014,109886
E07000196,2015,109704
E07000196,2016,109814
E07000196,2017,110302
E07000196,2018,110338
E07000196,2019,110478
E07000196,2020,110243
E07000196,2021,110787
E07000196,2022,111641
E07000196,2023,113412
E07000196,2024,114423
E07000197,2011,130895
E07000197,2012,131324
E07000197,2013,131485
E07000197,2014,131312
E07000197,2015,131221
E07000197,2016,132507
E07000197,2017,133199
E07000197,2018,134069
E07000197,2019,135286
E07000197,2020,135685
E07000197,2021,137201
E07000197,2022,138596
E07000197,2023,140227
E07000197,2024,141556
E07000198,2011,97209
E07000198,2012,96936
E07000198,2013,96958
E07000198,2014,97235
E07000198,2015,97102
E07000198,2016,96932
E07000198,2017,96947
E07000198,2018,96591
E07000198,2019,96366
E07000198,2020,95955
E07000198,2021,95975
E07000198,2022,95890
E07000198,2023,96095
E07000198,2024,96651
E07000199,2011,76895
E07000199,2012,77283
E07000199,2013,77308
E07000199,2014,77371
E07000199,2015,77632
E07000199,2016,77688
E07000199,2017,77327
E07000199,2018,77480
E07000199,2019,77698
E07000199,2020,77968
E07000199,2021,78842
E07000199,2022,79664
E07000199,2023,80586
E07000199,2024,81117
E07000200,2011,87901
E07000200,2012,88144
E07000200,2013,88420
E07000200,2014,88999
E07000200,2015,89391
E07000200,2016,89584
E07000200,2017,89918
E07000200,2018,90456
E07000200,2019,90917
E07000200,2020,91491
E07000200,2021,92724
E07000200,2022,94289
E07000200,2023,95812
E07000200,2024,97033
E07000202,2011,133729
E07000202,2012,135694
E07000202,2013,136760
E07000202,2014,138108
E07000202,2015,139694
E07000202,2016,141245
E07000202,2017,141922
E07000202,2018,141643
E07000202,2019,140809
E07000202,2020,139889
E07000202,2021,139638
E07000202,2022,139331
E07000202,2023,139497
E07000202,2024,140274
E07000203,2011,97076
E07000203,2012,97432
E07000203,2013,97636
E07000203,2014,98404
E07000203,2015,98760
E07000203,2016,98731
E07000203,2017,99263
E07000203,2018,99744
E07000203,2019,100840
E07000203,2020,101570
E07000203,2021,103398
E07000203,2022,105725
E07000203,2023,108144
E07000203,2024,110775
E07000207,2011,131428
E07000207,2012,132847
E07000207,2013,134588
E07000207,2014,135980
E07000207,2015,136380
E07000207,2016,136974
E07000207,2017,136936
E07000207,2018,136863
E07000207,2019,137098
E07000207,2020,138098
E07000207,2021,139453
E07000207,2022,140434
E07000207,2023,141193
E07000207,2024,141926
E07000208,2011,75191
E07000208,2012,76148
E07000208,2013,77334
E07000208,2014,78456
E07000208,2015,78890
E07000208,2016,79386
E07000208,2017,79862
E07000208,2018,80121
E07000208,2019,80685
E07000208,2020,81197
E07000208,2021,81006
E07000208,2022,81386
E07000208,2023,82614
E07000208,2024,83288
E07000209,2011,137580
E07000209,2012,137893
E07000209,2013,138627
E07000209,2014,139706
E07000209,2015,141577
E07000209,2016,142891
E07000209,2017,143294
E07000209,2018,142384
E07000209,2019,142328
E07000209,2020,142732
E07000209,2021,144013
E07000209,2022,146232
E07000209,2023,149094
E07000209,2024,151359
E07000210,2011,85637
E07000210,2012,86366
E07000210,2013,87233
E07000210,2014,87408
E07000210,2015,87459
E07000210,2016,87642
E07000210,2017,87296
E07000210,2018,87064
E07000210,2019,86762
E07000210,2020,86924
E07000210,2021,87599
E07000210,2022,87931
E07000210,2023,88529
E07000210,2024,88709
E07000211,2011,138375
E07000211,2012,140083
E07000211,2013,141348
E07000211,2014,143529
E07000211,2015,144433
E07000211,2016,145621
E07000211,2017,146545
E07000211,2018,147887
E07000211,2019,149048
E07000211,2020,149545
E07000211,2021,151497
E07000211,2022,153828
E07000211,2023,156657
E07000211,2024,159134
E07000212,2011,80501
E07000212,2012,81261
E07000212,2013,82229
E07000212,2014,82874
E07000212,2015,83730
E07000212,2016,84725
E07000212,2017,84920
E07000212,2018,85538
E07000212,2019,86660
E07000212,2020,87200
E07000212,2021,87830
E07000212,2022,89113
E07000212,2023,91101
E07000212,2024,92118
E07000213,2011,95852
E07000213,2012,97163
E07000213,2013,98252
E07000213,2014,99057
E07000213,2015,99755
E07000213,2016,100461
E07000213,2017,100819
E07000213,2018,101151
E07000213,2019,102062
E07000213,2020,102304
E07000213,2021,103036
E07000213,2022,103760
E07000213,2023,104875
E07000213,2024,107074
E07000214,2011,86378
E07000214,2012,86985
E07000214,2013,87591
E07000214,2014,88437
E07000214,2015,88945
E07000214,2016,89397
E07000214,2017,89537
E07000214,2018,89550
E07000214,2019,90544
E07000214,2020,90457
E07000214,2021,90653
E07000214,2022,91470
E07000214,2023,93220
E07000214,2024,94492
E07000215,2011,83178
E07000215,2012,83527
E07000215,2013,84477
E07000215,2014,85121
E07000215,2015,85527
E07000215,2016,85901
E07000215,2017,86457
E07000215,2018,86525
E07000215,2019,86923
E07000215,2020,87248
E07000215,2021,88127
E07000215,2022,89002
E07000215,2023,90049
E07000215,2024,90586
E07000216,2011,121754
E07000216,2012,122173
E07000216,2013,123121
E07000216,2014,123839
E07000216,2015,124436
E07000216,2016,124949
E07000216,2017,125138
E07000216,2018,125159
E07000216,2019,125691
E07000216,2020,126260
E07000216,2021,128880
E07000216,2022,130327
E07000216,2023,132749
E07000216,2024,134284
E07000217,2011,99493
E07000217,2012,100565
E07000217,2013,101831
E07000217,2014,102588
E07000217,2015,103286
E07000217,2016,104233
E07000217,2017,104299
E07000217,2018,104510
E07000217,2019,104423
E07000217,2020,103882
E07000217,2021,103900
E07000217,2022,104432
E07000217,2023,105053
E07000217,2024,105679
E07000218,2011,62089
E07000218,2012,62099
E07000218,2013,62057
E07000218,2014,62292
E07000218,2015,62681
E07000218,2016,62908
E07000218,2017,63517
E07000218,2018,64098
E07000218,2019,64383
E07000218,2020,64271
E07000218,2021,65338
E07000218,2022,66035
E07000218,2023,66356
E07000218,2024,67117
E07000219,2011,125409
E07000219,2012,126438
E07000219,2013,127275
E07000219,2014,127980
E07000219,2015,128588
E07000219,2016,129899
E07000219,2017,131138
E07000219,2018,131830
E07000219,2019,132953
E07000219,2020,133688
E07000219,2021,134303
E07000219,2022,135664
E07000219,2023,138588
E07000219,2024,141565
E07000220,2011,100496
E07000220,2012,101509
E07000220,2013,102851
E07000220,2014,104734
E07000220,2015,106327
E07000220,2016,107555
E07000220,2017,108671
E07000220,2018,109418
E07000220,2019,110998
E07000220,2020,112672
E07000220,2021,114835
E07000220,2022,116631
E07000220,2023,119395
E07000220,2024,122378
E07000221,2011,120824
E07000221,2012,121005
E07000221,2013,121548
E07000221,2014,122142
E07000221,2015,122850
E07000221,2016,123729
E07000221,2017,125624
E07000221,2018,127565
E07000221,2019,129816
E07000221,2020,131979
E07000221,2021,135946
E07000221,2022,138772
E07000221,2023,142931
E07000221,2024,146258
E07000222,2011,137736
E07000222,2012,139225
E07000222,2013,139447
E07000222,2014,140306
E07000222,2015,141025
E07000222,2016,142534
E07000222,2017,143353
E07000222,2018,145478
E07000222,2019,146005
E07000222,2020,146643
E07000222,2021,148693
E07000222,2022,151610
E07000222,2023,153101
E07000222,2024,154889
E07000223,2011,61334
E07000223,2012,62158
E07000223,2013,62850
E07000223,2014,63525
E07000223,2015,63808
E07000223,2016,63947
E07000223,2017,64144
E07000223,2018,64230
E07000223,2019,64580
E07000223,2020,64550
E07000223,2021,64632
E07000223,2022,64760
E07000223,2023,64688
E07000223,2024,64889
E07000224,2011,149811
E07000224,2012,152162
E07000224,2013,154034
E07000224,2014,155983
E07000224,2015,157474
E07000224,2016,159363
E07000224,2017,161338
E07000224,2018,162647
E07000224,2019,163310
E07000224,2020,163661
E07000224,2021,165219
E07000224,2022,166288
E07000224,2023,168102
E07000224,2024,170064
E07000225,2011,113995
E07000225,2012,115042
E07000225,2013,116120
E07000225,2014,116870
E07000225,2015,118447
E07000225,2016,119711
E07000225,2017,121442
E07000225,2018,122185
E07000225,2019,122815
E07000225,2020,123032
E07000225,2021,124517
E07000225,2022,126177
E07000225,2023,127540
E07000225,2024,128934
E07000226,2011,107053
E07000226,2012,108974
E07000226,2013,110190
E07000226,2014,111522
E07000226,2015,112952
E07000226,2016,114243
E07000226,2017,115083
E07000226,2018,116472
E07000226,2019,117144
E07000226,2020,117793
E07000226,2021,118607
E07000226,2022,119959
E07000226,2023,122655
E07000226,2024,124008
E07000227,2011,131540
E07000227,2012,132145
E07000227,2013,132807
E07000227,2014,134201
E07000227,2015,135832
E07000227,2016,138257
E07000227,2017,139862
E07000227,2018,141468
E07000227,2019,142932
E07000227,2020,144377
E07000227,2021,147500
E07000227,2022,148784
E07000227,2023,149741
E07000227,2024,151521
E07000228,2011,140188
E07000228,2012,141243
E07000228,2013,142951
E07000228,2014,144577
E07000228,2015,145684
E07000228,2016,147001
E07000228,2017,147679
E07000228,2018,148966
E07000228,2019,150027
E07000228,2020,150877
E07000228,2021,152919
E07000228,2022,155159
E07000228,2023,158410
E07000228,2024,161755
E07000229,2011,104998
E07000229,2012,105797
E07000229,2013,106349
E07000229,2014,107291
E07000229,2015,108337
E07000229,2016,109346
E07000229,2017,109989
E07000229,2018,110280
E07000229,2019,110932
E07000229,2020,111064
E07000229,2021,111654
E07000229,2022,112071
E07000229,2023,112897
E07000229,2024,113866
E07000234,2011,93732
E07000234,2012,94179
E07000234,2013,94530
E07000234,2014,95380
E07000234,2015,95440
E07000234,2016,96254
E07000234,2017,96703
E07000234,2018,97315
E07000234,2019,98339
E07000234,2020,98837
E07000234,2021,99449
E07000234,2022,100231
E07000234,2023,101006
E07000234,2024,101685
E07000235,2011,74706
E07000235,2012,75116
E07000235,2013,75454
E07000235,2014,76208
E07000235,2015,76024
E07000235,2016,76391
E07000235,2017,76696
E07000235,2018,77362
E07000235,2019,77872
E07000235,2020,78288
E07000235,2021,79969
E07000235,2022,81113
E07000235,2023,81943
E07000235,2024,83227
E07000236,2011,84318
E07000236,2012,84667
E07000236,2013,85072
E07000236,2014,85266
E07000236,2015,85866
E07000236,2016,86432
E07000236,2017,86463
E07000236,2018,86186
E07000236,2019,86307
E07000236,2020,86561
E07000236,2021,86981
E07000236,2022,87189
E07000236,2023,87510
E07000236,2024,87847
E07000237,2011,98679
E07000237,2012,100082
E07000237,2013,101295
E07000237,2014,102267
E07000237,2015,103093
E07000237,2016,104696
E07000237,2017,105321
E07000237,2018,105303
E07000237,2019,105137
E07000237,2020,104399
E07000237,2021,103628
E07000237,2022,104178
E07000237,2023,105403
E07000237,2024,106671
E07000238,2011,117074
E07000238,2012,117858
E07000238,2013,118841
E07000238,2014,120170
E07000238,2015,121990
E07000238,2016,123632
E07000238,2017,125694
E07000238,2018,127335
E07000238,2019,129003
E07000238,2020,130419
E07000238,2021,133084
E07000238,2022,134508
E07000238,2023,136648
E07000238,2024,138017
E07000239,2011,98048
E07000239,2012,98217
E07000239,2013,98678
E07000239,2014,99441
E07000239,2015,100052
E07000239,2016,100557
E07000239,2017,101163
E07000239,2018,101491
E07000239,2019,101592
E07000239,2020,101315
E07000239,2021,101791
E07000239,2022,102335
E07000239,2023,103151
E07000239,2024,103913
E07000240,2011,141248
E07000240,2012,142616
E07000240,2013,144222
E07000240,2014,145938
E07000240,2015,146894
E07000240,2016,147823
E07000240,2017,147596
E07000240,2018,147552
E07000240,2019,148058
E07000240,2020,148555
E07000240,2021,148624
E07000240,2022,148698
E07000240,2023,149729
E07000240,2024,151012
E07000241,2011,110727
E07000241,2012,110684
E07000241,2013,111990
E07000241,2014,112166
E07000241,2015,113972
E07000241,2016,116637
E07000241,2017,117617
E07000241,2018,118365
E07000241,2019,119180
E07000241,2020,119806
E07000241,2021,119747
E07000241,2022,120308
E07000241,2023,121668
E07000241,2024,122819
E07000242,2011,138155
E07000242,2012,139256
E07000242,2013,140519
E07000242,2014,141915
E07000242,2015,143293
E07000242,2016,144801
E07000242,2017,145743
E07000242,2018,146048
E07000242,2019,147335
E07000242,2020,149027
E07000242,2021,150662
E07000242,2022,151828
E07000242,2023,153897
E07000242,2024,156875
E07000243,2011,84247
E07000243,2012,85052
E07000243,2013,85974
E07000243,2014,86719
E07000243,2015,87482
E07000243,2016,88466
E07000243,2017,89099
E07000243,2018,89310
E07000243,2019,89541
E07000243,2020,89755
E07000243,2021,89360
E07000243,2022,89639
E07000243,2023,90567
E07000243,2024,91774
E07000244,2011,239946
E07000244,2012,239607
E07000244,2013,239921
E07000244,2014,239929
E07000244,2015,240479
E07000244,2016,241807
E07000244,2017,243496
E07000244,2018,244313
E07000244,2019,245052
E07000244,2020,245482
E07000244,2021,246776
E07000244,2022,247135
E07000244,2023,248482
E07000244,2024,249664
E07000245,2011,171481
E07000245,2012,171820
E07000245,2013,172138
E07000245,2014,174735
E07000245,2015,176177
E07000245,2016,176416
E07000245,2017,178991
E07000245,2018,179189
E07000245,2019,179703
E07000245,2020,178236
E07000245,2021,180813
E07000245,2022,182332
E07000245,2023,186077
E07000245,2024,188485
E08000001,2011,277296
E08000001,2012,279738
E08000001,2013,281629
E08000001,2014,283212
E08000001,2015,284972
E08000001,2016,287253
E08000001,2017,289684
E08000001,2018,291594
E08000001,2019,294888
E08000001,2020,295712
E08000001,2021,296169
E08000001,2022,299957
E08000001,2023,305575
E08000001,2024,310085
E08000002,2011,185422
E08000002,2012,186632
E08000002,2013,187093
E08000002,2014,188406
E08000002,2015,189254
E08000002,2016,190470
E08000002,2017,191896
E08000002,2018,192900
E08000002,2019,193763
E08000002,2020,193604
E08000002,2021,193866
E08000002,2022,195046
E08000002,2023,196719
E08000002,2024,198921
E08000003,2011,502902
E08000003,2012,506869
E08000003,2013,510783
E08000003,2014,515360
E08000003,2015,523321
E08000003,2016,533446
E08000003,2017,536961
E08000003,2018,540675
E08000003,2019,545947
E08000003,2020,547340
E08000003,2021,550630
E08000003,2022,569103
E08000003,2023,581302
E08000003,2024,589670
E08000004,2011,225157
E08000004,2012,226057
E08000004,2013,227866
E08000004,2014,230348
E08000004,2015,232693
E08000004,2016,235021
E08000004,2017,237161
E08000004,2018,239923
E08000004,2019,242077
E08000004,2020,242181
E08000004,2021,242003
E08000004,2022,244885
E08000004,2023,247969
E08000004,2024,251560
E08000005,2011,211929
E08000005,2012,212345
E08000005,2013,212503
E08000005,2014,213462
E08000005,2015,214560
E08000005,2016,216251
E08000005,2017,218492
E08000005,2018,219969
E08000005,2019,222042
E08000005,2020,223024
E08000005,2021,224127
E08000005,2022,227715
E08000005,2023,231217
E08000005,2024,235561
E08000006,2011,234487
E08000006,2012,237421
E08000006,2013,239718
E08000006,2014,242602
E08000006,2015,246942
E08000006,2016,251562
E08000006,2017,255090
E08000006,2018,259224
E08000006,2019,263611
E08000006,2020,266090
E08000006,2021,270866
E08000006,2022,280044
E08000006,2023,287178
E08000006,2024,294348
E08000007,2011,283253
E08000007,2012,283953
E08000007,2013,284816
E08000007,2014,286267
E08000007,2015,288210
E08000007,2016,289879
E08000007,2017,290905
E08000007,2018,291631
E08000007,2019,293172
E08000007,2020,293851
E08000007,2021,295268
E08000007,2022,297386
E08000007,2023,300326
E08000007,2024,303929
E08000008,2011,219727
E08000008,2012,220457
E08000008,2013,221446
E08000008,2014,222364
E08000008,2015,223642
E08000008,2016,225480
E08000008,2017,226692
E08000008,2018,228435
E08000008,2019,229952
E08000008,2020,230521
E08000008,2021,231220
E08000008,2022,233318
E08000008,2023,236142
E08000008,2024,239643
E08000009,2011,227091
E08000009,2012,228512
E08000009,2013,230367
E08000009,2014,231799
E08000009,2015,232504
E08000009,2016,233710
E08000009,2017,234917
E08000009,2018,235623
E08000009,2019,236121
E08000009,2020,235937
E08000009,2021,235586
E08000009,2022,237156
E08000009,2023,238976
E08000009,2024,241025
E08000010,2011,318122
E08000010,2012,318109
E08000010,2013,318737
E08000010,2014,320075
E08000010,2015,320864
E08000010,2016,321494
E08000010,2017,322485
E08000010,2018,323904
E08000010,2019,326386
E08000010,2020,327850
E08000010,2021,329796
E08000010,2022,334675
E08000010,2023,340208
E08000010,2024,344922
E08000011,2011,145903
E08000011,2012,146227
E08000011,2013,146370
E08000011,2014,146562
E08000011,2015,147300
E08000011,2016,147928
E08000011,2017,148567
E08000011,2018,150042
E08000011,2019,151793
E08000011,2020,153408
E08000011,2021,154978
E08000011,2022,157227
E08000011,2023,159672
E08000011,2024,162565
E08000012,2011,465656
E08000012,2012,465365
E08000012,2013,465815
E08000012,2014,465745
E08000012,2015,469953
E08000012,2016,475486
E08000012,2017,479801
E08000012,2018,483598
E08000012,2019,484687
E08000012,2020,483348
E08000012,2021,485022
E08000012,2022,493693
E08000012,2023,503216
E08000012,2024,508961
E08000013,2011,175405
E08000013,2012,176214
E08000013,2013,176451
E08000013,2014,177785
E08000013,2015,178296
E08000013,2016,179229
E08000013,2017,180150
E08000013,2018,180937
E08000013,2019,181541
E08000013,2020,182102
E08000013,2021,183394
E08000013,2022,185001
E08000013,2023,186929
E08000013,2024,188861
E08000014,2011,273969
E08000014,2012,273979
E08000014,2013,273814
E08000014,2014,275143
E08000014,2015,275546
E08000014,2016,276707
E08000014,2017,276962
E08000014,2018,277890
E08000014,2019,278908
E08000014,2020,278621
E08000014,2021,279693
E08000014,2022,281247
E08000014,2023,283720
E08000014,2024,286281
E08000015,2011,319837
E08000015,2012,319971
E08000015,2013,319965
E08000015,2014,320917
E08000015,2015,320714
E08000015,2016,320914
E08000015,2017,321020
E08000015,2018,320643
E08000015,2019,320732
E08000015,2020,320249
E08000015,2021,320631
E08000015,2022,322674
E08000015,2023,325583
E08000015,2024,328873
E08000016,2011,231865
E08000016,2012,233259
E08000016,2013,234875
E08000016,2014,236421
E08000016,2015,238242
E08000016,2016,240061
E08000016,2017,241287
E08000016,2018,242360
E08000016,2019,243558
E08000016,2020,244201
E08000016,2021,244887
E08000016,2022,246737
E08000016,2023,249144
E08000016,2024,251770
E08000017,2011,302468
E08000017,2012,302626
E08000017,2013,302991
E08000017,2014,303673
E08000017,2015,304311
E08000017,2016,306137
E08000017,2017,307058
E08000017,2018,308237
E08000017,2019,308438
E08000017,2020,308185
E08000017,2021,308697
E08000017,2022,311395
E08000017,2023,315428
E08000017,2024,319765
E08000018,2011,257716
E08000018,2012,258710
E08000018,2013,259391
E08000018,2014,261391
E08000018,2015,262063
E08000018,2016,263273
E08000018,2017,264167
E08000018,2018,265154
E08000018,2019,265991
E08000018,2020,265593
E08000018,2021,266173
E08000018,2022,268707
E08000018,2023,272648
E08000018,2024,276595
E08000019,2011,551756
E08000019,2012,553842
E08000019,2013,555253
E08000019,2014,554805
E08000019,2015,555074
E08000019,2016,556599
E08000019,2017,555675
E08000019,2018,556771
E08000019,2019,556399
E08000019,2020,555036
E08000019,2021,555035
E08000019,2022,565987
E08000019,2023,575586
E08000019,2024,582493
E08000021,2011,279092
E08000021,2012,280869
E08000021,2013,284371
E08000021,2014,286876
E08000021,2015,287955
E08000021,2016,290316
E08000021,2017,291759
E08000021,2018,294955
E08000021,2019,297087
E08000021,2020,298426
E08000021,2021,298545
E08000021,2022,304886
E08000021,2023,313522
E08000021,2024,320605
E08000022,2011,201206
E08000022,2012,201566
E08000022,2013,202268
E08000022,2014,203211
E08000022,2015,202953
E08000022,2016,203743
E08000022,2017,204492
E08000022,2018,205766
E08000022,2019,207294
E08000022,2020,208015
E08000022,2021,209128
E08000022,2022,210772
E08000022,2023,212705
E08000022,2024,215025
E08000023,2011,148164
E08000023,2012,147761
E08000023,2013,147517
E08000023,2014,147606
E08000023,2015,147230
E08000023,2016,147664
E08000023,2017,147796
E08000023,2018,148076
E08000023,2019,148368
E08000023,2020,147919
E08000023,2021,147919
E08000023,2022,148987
E08000023,2023,150124
E08000023,2024,151393
E08000024,2011,275330
E08000024,2012,275317
E08000024,2013,275247
E08000024,2014,275751
E08000024,2015,275408
E08000024,2016,275490
E08000024,2017,274816
E08000024,2018,274339
E08000024,2019,274277
E08000024,2020,273583
E08000024,2021,274378
E08000024,2022,278013
E08000024,2023,283606
E08000024,2024,288606
E08000025,2011,1074283
E08000025,2012,1084661
E08000025,2013,1094531
E08000025,2014,1103724
E08000025,2015,1114932
E08000025,2016,1131271
E08000025,2017,1139893
E08000025,2018,1146050
E08000025,2019,1150646
E08000025,2020,1148692
E08000025,2021,1143285
E08000025,2022,1153593
E08000025,2023,1170238
E08000025,2024,1183618
E08000026,2011,316915
E08000026,2012,318141
E08000026,2013,322146
E08000026,2014,325066
E08000026,2015,331112
E08000026,2016,337064
E08000026,2017,340034
E08000026,2018,342811
E08000026,2019,343715
E08000026,2020,344702
E08000026,2021,344151
E08000026,2022,351434
E08000026,2023,359243
E08000026,2024,369026
E08000027,2011,313261
E08000027,2012,313631
E08000027,2013,314460
E08000027,2014,315700
E08000027,2015,316393
E08000027,2016,317669
E08000027,2017,319539
E08000027,2018,320989
E08000027,2019,322090
E08000027,2020,322513
E08000027,2021,323591
E08000027,2022,325464
E08000027,2023,328353
E08000027,2024,331930
E08000028,2011,309042
E08000028,2012,312710
E08000028,2013,317499
E08000028,2014,321610
E08000028,2015,325911
E08000028,2016,330051
E08000028,2017,333826
E08000028,2018,336977
E08000028,2019,340198
E08000028,2020,341436
E08000028,2021,341895
E08000028,2022,345697
E08000028,2023,349834
E08000028,2024,353860
E08000029,2011,206856
E08000029,2012,207729
E08000029,2013,209115
E08000029,2014,211205
E08000029,2015,211697
E08000029,2016,213061
E08000029,2017,214330
E08000029,2018,214901
E08000029,2019,216323
E08000029,2020,216432
E08000029,2021,216677
E08000029,2022,217957
E08000029,2023,219710
E08000029,2024,221242
E08000030,2011,269524
E08000030,2012,270517
E08000030,2013,271704
E08000030,2014,273764
E08000030,2015,275490
E08000030,2016,278429
E08000030,2017,281229
E08000030,2018,282921
E08000030,2019,284600
E08000030,2020,284578
E08000030,2021,284392
E08000030,2022,286804
E08000030,2023,291237
E08000030,2024,295678
E08000031,2011,249852
E08000031,2012,251444
E08000031,2013,252358
E08000031,2014,254351
E08000031,2015,256127
E08000031,2016,258305
E08000031,2017,260648
E08000031,2018,262474
E08000031,2019,263519
E08000031,2020,263123
E08000031,2021,264260
E08000031,2022,269036
E08000031,2023,275601
E08000031,2024,281251
E08000032,2011,523115
E08000032,2012,525522
E08000032,2013,528712
E08000032,2014,531795
E08000032,2015,534919
E08000032,2016,538178
E08000032,2017,540447
E08000032,2018,542542
E08000032,2019,545966
E08000032,2020,547141
E08000032,2021,546839
E08000032,2022,551522
E08000032,2023,559071
E08000032,2024,563605
E08000033,2011,204170
E08000033,2012,205116
E08000033,2013,205854
E08000033,2014,206614
E08000033,2015,207027
E08000033,2016,207744
E08000033,2017,207459
E08000033,2018,207215
E08000033,2019,207729
E08000033,2020,206976
E08000033,2021,206828
E08000033,2022,207896
E08000033,2023,209334
E08000033,2024,210929
E08000034,2011,422970
E08000034,2012,424922
E08000034,2013,427009
E08000034,2014,429036
E08000034,2015,431110
E08000034,2016,432588
E08000034,2017,433393
E08000034,2018,433571
E08000034,2019,433259
E08000034,2020,432878
E08000034,2021,433458
E08000034,2022,438486
E08000034,2023,443745
E08000034,2024,447847
E08000035,2011,750683
E08000035,2012,758029
E08000035,2013,764369
E08000035,2014,770434
E08000035,2015,777987
E08000035,2016,786739
E08000035,2017,793134
E08000035,2018,797696
E08000035,2019,804640
E08000035,2020,808443
E08000035,2021,809479
E08000035,2022,820294
E08000035,2023,833516
E08000035,2024,845189
E08000036,2011,326433
E08000036,2012,327901
E08000036,2013,329888
E08000036,2014,331624
E08000036,2015,333908
E08000036,2016,337365
E08000036,2017,340749
E08000036,2018,344437
E08000036,2019,348201
E08000036,2020,350978
E08000036,2021,353803
E08000036,2022,357926
E08000036,2023,363013
E08000036,2024,367666
E08000037,2011,200349
E08000037,2012,200252
E08000037,2013,200299
E08000037,2014,200728
E08000037,2015,201271
E08000037,2016,201359
E08000037,2017,200660
E08000037,2018,199915
E08000037,2019,198435
E08000037,2020,197342
E08000037,2021,196179
E08000037,2022,198599
E08000037,2023,200597
E08000037,2024,202760
E09000001,2011,7412
E09000001,2012,7514
E09000001,2013,7537
E09000001,2014,7567
E09000001,2015,7668
E09000001,2016,7737
E09000001,2017,7877
E09000001,2018,8165
E09000001,2019,8765
E09000001,2020,8331
E09000001,2021,8689
E09000001,2022,11615
E09000001,2023,13606
E09000001,2024,15111
E09000002,2011,187029
E09000002,2012,191453
E09000002,2013,196204
E09000002,2014,201244
E09000002,2015,206450
E09000002,2016,211047
E09000002,2017,214017
E09000002,2018,216298
E09000002,2019,218828
E09000002,2020,219227
E09000002,2021,218714
E09000002,2022,220392
E09000002,2023,226301
E09000002,2024,232747
E09000003,2011,357538
E09000003,2012,363260
E09000003,2013,368611
E09000003,2014,373853
E09000003,2015,377826
E09000003,2016,382925
E09000003,2017,384117
E09000003,2018,387574
E09000003,2019,390590
E09000003,2020,391046
E09000003,2021,388955
E09000003,2022,390371
E09000003,2023,398191
E09000003,2024,405050
E09000004,2011,232774
E09000004,2012,234435
E09000004,2013,236169
E09000004,2014,239112
E09000004,2015,241427
E09000004,2016,244006
E09000004,2017,244494
E09000004,2018,245244
E09000004,2019,246622
E09000004,2020,246924
E09000004,2021,246637
E09000004,2022,247875
E09000004,2023,252124
E09000004,2024,256434
E09000005,2011,312245
E09000005,2012,317984
E09000005,2013,324345
E09000005,2014,329981
E09000005,2015,335605
E09000005,2016,339524
E09000005,2017,342439
E09000005,2018,345558
E09000005,2019,347424
E09000005,2020,343988
E09000005,2021,339248
E09000005,2022,341505
E09000005,2023,348751
E09000005,2024,352976
E09000006,2011,310554
E09000006,2012,314663
E09000006,2013,318582
E09000006,2014,321800
E09000006,2015,325653
E09000006,2016,327701
E09000006,2017,329134
E09000006,2018,330367
E09000006,2019,331192
E09000006,2020,331247
E09000006,2021,329899
E09000006,2022,329930
E09000006,2023,332482
E09000006,2024,335319
E09000007,2011,220087
E09000007,2012,219647
E09000007,2013,221348
E09000007,2014,221095
E09000007,2015,221032
E09000007,2016,221024
E09000007,2017,218833
E09000007,2018,217915
E09000007,2019,217136
E09000007,2020,214768
E09000007,2021,210968
E09000007,2022,217352
E09000007,2023,217235
E09000007,2024,216943
E09000008,2011,364815
E09000008,2012,369617
E09000008,2013,374270
E09000008,2014,378244
E09000008,2015,381277
E09000008,2016,384382
E09000008,2017,385567
E09000008,2018,386999
E09000008,2019,390643
E09000008,2020,392101
E09000008,2021,390691
E09000008,2022,393547
E09000008,2023,402217
E09000008,2024,409342
E09000009,2011,339314
E09000009,2012,344834
E09000009,2013,350650
E09000009,2014,354660
E09000009,2015,359144
E09000009,2016,362163
E09000009,2017,362670
E09000009,2018,364208
E09000009,2019,367284
E09000009,2020,367936
E09000009,2021,366762
E09000009,2022,370315
E09000009,2023,379203
E09000009,2024,385985
E09000010,2011,313935
E09000010,2012,317780
E09000010,2013,321754
E09000010,2014,326340
E09000010,2015,330868
E09000010,2016,333295
E09000010,2017,333077
E09000010,2018,334000
E09000010,2019,335151
E09000010,2020,333149
E09000010,2021,329876
E09000010,2022,326867
E09000010,2023,328014
E09000010,2024,327434
E09000011,2011,255483
E09000011,2012,260360
E09000011,2013,264036
E09000011,2014,268305
E09000011,2015,274230
E09000011,2016,278768
E09000011,2017,282376
E09000011,2018,285773
E09000011,2019,288205
E09000011,2020,288384
E09000011,2021,289537
E09000011,2022,292381
E09000011,2023,296420
E09000011,2024,299528
E09000012,2011,247182
E09000012,2012,251193
E09000012,2013,255646
E09000012,2014,258735
E09000012,2015,261929
E09000012,2016,264892
E09000012,2017,264834
E09000012,2018,266210
E09000012,2019,265825
E09000012,2020,263782
E09000012,2021,260082
E09000012,2022,261814
E09000012,2023,265411
E09000012,2024,266758
E09000013,2011,182445
E09000013,2012,184439
E09000013,2013,186056
E09000013,2014,186659
E09000013,2015,187246
E09000013,2016,187472
E09000013,2017,187720
E09000013,2018,189037
E09000013,2019,188562
E09000013,2020,186555
E09000013,2021,183310
E09000013,2022,185822
E09000013,2023,187479
E09000013,2024,188687
E09000014,2011,255540
E09000014,2012,259312
E09000014,2013,265054
E09000014,2014,268901
E09000014,2015,272938
E09000014,2016,276262
E09000014,2017,274463
E09000014,2018,274240
E09000014,2019,273716
E09000014,2020,269534
E09000014,2021,264317
E09000014,2022,262078
E09000014,2023,263362
E09000014,2024,263850
E09000015,2011,240499
E09000015,2012,243800
E09000015,2013,247018
E09000015,2014,251618
E09000015,2015,255308
E09000015,2016,257317
E09000015,2017,257881
E09000015,2018,259861
E09000015,2019,262065
E09000015,2020,262281
E09000015,2021,261159
E09000015,2022,261798
E09000015,2023,266891
E09000015,2024,270724
E09000016,2011,237927
E09000016,2012,239946
E09000016,2013,242550
E09000016,2014,246771
E09000016,2015,250449
E09000016,2016,254487
E09000016,2017,257429
E09000016,2018,259229
E09000016,2019,261296
E09000016,2020,261906
E09000016,2021,262086
E09000016,2022,264786
E09000016,2023,270305
E09000016,2024,276274
E09000017,2011,275499
E09000017,2012,281263
E09000017,2013,285982
E09000017,2014,290225
E09000017,2015,294011
E09000017,2016,297451
E09000017,2017,299469
E09000017,2018,302263
E09000017,2019,305641
E09000017,2020,306460
E09000017,2021,305107
E09000017,2022,312162
E09000017,2023,321977
E09000017,2024,329185
E09000018,2011,254927
E09000018,2012,260584
E09000018,2013,265547
E09000018,2014,270773
E09000018,2015,275097
E09000018,2016,278601
E09000018,2017,281117
E09000018,2018,285430
E09000018,2019,289652
E09000018,2020,289773
E09000018,2021,288164
E09000018,2022,289196
E09000018,2023,295221
E09000018,2024,299424
E09000019,2011,206285
E09000019,2012,208762
E09000019,2013,212604
E09000019,2014,214986
E09000019,2015,218255
E09000019,2016,220620
E09000019,2017,221535
E09000019,2018,221453
E09000019,2019,221994
E09000019,2020,221018
E09000019,2021,217050
E09000019,2022,219769
E09000019,2023,222333
E09000019,2024,223024
E09000020,2011,158251
E09000020,2012,157240
E09000020,2013,156823
E09000020,2014,156178
E09000020,2015,156149
E09000020,2016,152708
E09000020,2017,149651
E09000020,2018,148471
E09000020,2019,146805
E09000020,2020,144874
E09000020,2021,144266
E09000020,2022,146336
E09000020,2023,146499
E09000020,2024,144518
E09000021,2011,160436
E09000021,2012,162562
E09000021,2013,164418
E09000021,2014,165791
E09000021,2015,167594
E09000021,2016,168617
E09000021,2017,168781
E09000021,2018,168729
E09000021,2019,169797
E09000021,2020,169770
E09000021,2021,167992
E09000021,2022,169076
E09000021,2023,170780
E09000021,2024,172692
E09000022,2011,304481
E09000022,2012,310449
E09000022,2013,314375
E09000022,2014,318196
E09000022,2015,322881
E09000022,2016,326613
E09000022,2017,327227
E09000022,2018,328923
E09000022,2019,329513
E09000022,2020,325527
E09000022,2021,317691
E09000022,2022,317657
E09000022,2023,318738
E09000022,2024,316920
E09000023,2011,276938
E09000023,2012,281011
E09000023,2013,286056
E09000023,2014,291086
E09000023,2015,295364
E09000023,2016,298809
E09000023,2017,300924
E09000023,2018,303127
E09000023,2019,305906
E09000023,2020,304169
E09000023,2021,300013
E09000023,2022,299164
E09000023,2023,300225
E09000023,2024,301255
E09000024,2011,200543
E09000024,2012,205166
E09000024,2013,208529
E09000024,2014,211025
E09000024,2015,213791
E09000024,2016,215514
E09000024,2017,215431
E09000024,2018,216171
E09000024,2019,217219
E09000024,2020,217101
E09000024,2021,215426
E09000024,2022,215105
E09000024,2023,217135
E09000024,2024,218539
E09000025,2011,310460
E09000025,2012,313750
E09000025,2013,316952
E09000025,2014,322984
E09000025,2015,330322
E09000025,2016,335337
E09000025,2017,338333
E09000025,2018,344570
E09000025,2019,349786
E09000025,2020,350025
E09000025,2021,351256
E09000025,2022,357327
E09000025,2023,368194
E09000025,2024,374523
E09000026,2011,281395
E09000026,2012,285437
E09000026,2013,289976
E09000026,2014,295837
E09000026,2015,301022
E09000026,2016,304369
E09000026,2017,305937
E09000026,2018,308841
E09000026,2019,311780
E09000026,2020,311750
E09000026,2021,310130
E09000026,2022,311629
E09000026,2023,316556
E09000026,2024,321231
E09000027,2011,187527
E09000027,2012,189934
E09000027,2013,192375
E09000027,2014,194492
E09000027,2015,194966
E09000027,2016,196293
E09000027,2017,196849
E09000027,2018,197119
E09000027,2019,198185
E09000027,2020,197797
E09000027,2021,195315
E09000027,2022,195295
E09000027,2023,196061
E09000027,2024,196678
E09000028,2011,288717
E09000028,2012,293078
E09000028,2013,297868
E09000028,2014,299685
E09000028,2015,304048
E09000028,2016,306720
E09000028,2017,307640
E09000028,2018,310492
E09000028,2019,312591
E09000028,2020,312055
E09000028,2021,306762
E09000028,2022,309327
E09000028,2023,313485
E09000028,2024,314786
E09000029,2011,191123
E09000029,2012,193982
E09000029,2013,196678
E09000029,2014,199144
E09000029,2015,201208
E09000029,2016,203299
E09000029,2017,204824
E09000029,2018,206286
E09000029,2019,208516
E09000029,2020,209921
E09000029,2021,209617
E09000029,2022,210369
E09000029,2023,212336
E09000029,2024,214525
E09000030,2011,256012
E09000030,2012,261936
E09000030,2013,270294
E09000030,2014,277060
E09000030,2015,282674
E09000030,2016,289011
E09000030,2017,293526
E09000030,2018,300050
E09000030,2019,305066
E09000030,2020,306780
E09000030,2021,312715
E09000030,2022,324881
E09000030,2023,329143
E09000030,2024,331886
E09000031,2011,259742
E09000031,2012,263575
E09000031,2013,267963
E09000031,2014,270606
E09000031,2015,274579
E09000031,2016,277081
E09000031,2017,278105
E09000031,2018,279795
E09000031,2019,281015
E09000031,2020,279527
E09000031,2021,278147
E09000031,2022,275847
E09000031,2023,278506
E09000031,2024,279737
E09000032,2011,307710
E09000032,2012,312262
E09000032,2013,316810
E09000032,2014,319898
E09000032,2015,322658
E09000032,2016,326413
E09000032,2017,329493
E09000032,2018,331069
E09000032,2019,334558
E09000032,2020,333678
E09000032,2021,328429
E09000032,2022,330447
E09000032,2023,333859
E09000032,2024,337655
E09000033,2011,219582
E09000033,2012,219539
E09000033,2013,215907
E09000033,2014,214341
E09000033,2015,215876
E09000033,2016,213193
E09000033,2017,210459
E09000033,2018,209868
E09000033,2019,208415
E09000033,2020,205624
E09000033,2021,205759
E09000033,2022,209333
E09000033,2023,210665
E09000033,2024,209996
W06000001,2011,69913
W06000001,2012,69964
W06000001,2013,69880
W06000001,2014,69761
W06000001,2015,69415
W06000001,2016,68826
W06000001,2017,68617
W06000001,2018,68539
W06000001,2019,68278
W06000001,2020,68794
W06000001,2021,68937
W06000001,2022,69107
W06000001,2023,69238
W06000001,2024,69097
W06000002,2011,121523
W06000002,2012,121439
W06000002,2013,120403
W06000002,2014,119796
W06000002,2015,119632
W06000002,2016,118958
W06000002,2017,118881
W06000002,2018,118129
W06000002,2019,117584
W06000002,2020,118180
W06000002,2021,117072
W06000002,2022,118089
W06000002,2023,120064
W06000002,2024,120813
W06000003,2011,115326
W06000003,2012,115432
W06000003,2013,115313
W06000003,2014,115700
W06000003,2015,115380
W06000003,2016,115391
W06000003,2017,114855
W06000003,2018,114387
W06000003,2019,114196
W06000003,2020,114651
W06000003,2021,114788
W06000003,2022,114390
W06000003,2023,114783
W06000003,2024,114891
W06000004,2011,93919
W06000004,2012,94119
W06000004,2013,94378
W06000004,2014,94670
W06000004,2015,94691
W06000004,2016,94723
W06000004,2017,94597
W06000004,2018,94596
W06000004,2019,94766
W06000004,2020,95558
W06000004,2021,96047
W06000004,2022,96652
W06000004,2023,97375
W06000004,2024,98202
W06000005,2011,152666
W06000005,2012,152660
W06000005,2013,152906
W06000005,2014,153439
W06000005,2015,153688
W06000005,2016,154166
W06000005,2017,154587
W06000005,2018,154587
W06000005,2019,154592
W06000005,2020,155004
W06000005,2021,155045
W06000005,2022,155422
W06000005,2023,155614
W06000005,2024,155867
W06000006,2011,135070
W06000006,2012,135589
W06000006,2013,135861
W06000006,2014,135983
W06000006,2015,135565
W06000006,2016,135354
W06000006,2017,135619
W06000006,2018,136244
W06000006,2019,135899
W06000006,2020,135980
W06000006,2021,135152
W06000006,2022,135684
W06000006,2023,136890
W06000006,2024,138245
W06000008,2011,75293
W06000008,2012,76215
W06000008,2013,76087
W06000008,2014,75197
W06000008,2015,73724
W06000008,2016,72900
W06000008,2017,72220
W06000008,2018,71291
W06000008,2019,70639
W06000008,2020,71421
W06000008,2021,70676
W06000008,2022,71956
W06000008,2023,72488
W06000008,2024,72599
W06000009,2011,122613
W06000009,2012,122621
W06000009,2013,122302
W06000009,2014,122148
W06000009,2015,121721
W06000009,2016,121438
W06000009,2017,121382
W06000009,2018,121194
W06000009,2019,121432
W06000009,2020,122572
W06000009,2021,123633
W06000009,2022,124425
W06000009,2023,125043
W06000009,2024,125761
W06000010,2011,183961
W06000010,2012,184206
W06000010,2013,184252
W06000010,2014,184349
W06000010,2015,184404
W06000010,2016,184985
W06000010,2017,184984
W06000010,2018,185444
W06000010,2019,186125
W06000010,2020,187391
W06000010,2021,188172
W06000010,2022,189194
W06000010,2023,190381
W06000010,2024,190800
W06000011,2011,238691
W06000011,2012,239197
W06000011,2013,239237
W06000011,2014,239228
W06000011,2015,239354
W06000011,2016,239300
W06000011,2017,239266
W06000011,2018,239184
W06000011,2019,238707
W06000011,2020,238992
W06000011,2021,237897
W06000011,2022,242812
W06000011,2023,248959
W06000011,2024,251304
W06000012,2011,139880
W06000012,2012,139694
W06000012,2013,139093
W06000012,2014,139439
W06000012,2015,139704
W06000012,2016,141000
W06000012,2017,141022
W06000012,2018,141342
W06000012,2019,141385
W06000012,2020,142308
W06000012,2021,141934
W06000012,2022,142291
W06000012,2023,142045
W06000012,2024,143249
W06000013,2011,139410
W06000013,2012,139985
W06000013,2013,140579
W06000013,2014,141333
W06000013,2015,142177
W06000013,2016,142887
W06000013,2017,143355
W06000013,2018,143583
W06000013,2019,144500
W06000013,2020,145434
W06000013,2021,145738
W06000013,2022,146173
W06000013,2023,146900
W06000013,2024,147530
W06000014,2011,126679
W06000014,2012,126703
W06000014,2013,126458
W06000014,2014,126714
W06000014,2015,126261
W06000014,2016,127082
W06000014,2017,128377
W06000014,2018,129165
W06000014,2019,129802
W06000014,2020,131224
W06000014,2021,132491
W06000014,2022,133695
W06000014,2023,134771
W06000014,2024,135743
W06000015,2011,345442
W06000015,2012,348084
W06000015,2013,349982
W06000015,2014,350949
W06000015,2015,351600
W06000015,2016,352982
W06000015,2017,354348
W06000015,2018,355125
W06000015,2019,357137
W06000015,2020,360287
W06000015,2021,359824
W06000015,2022,369851
W06000015,2023,379739
W06000015,2024,383919
W06000016,2011,234373
W06000016,2012,235271
W06000016,2013,235145
W06000016,2014,235284
W06000016,2015,235233
W06000016,2016,235567
W06000016,2017,236357
W06000016,2018,236685
W06000016,2019,237574
W06000016,2020,238039
W06000016,2021,237545
W06000016,2022,239494
W06000016,2023,242091
W06000016,2024,242844
W06000018,2011,178782
W06000018,2012,178563
W06000018,2013,178236
W06000018,2014,178513
W06000018,2015,178269
W06000018,2016,178013
W06000018,2017,177610
W06000018,2018,177277
W06000018,2019,176735
W06000018,2020,176805
W06000018,2021,175999
W06000018,2022,176156
W06000018,2023,176639
W06000018,2024,176865
W06000019,2011,69812
W06000019,2012,69589
W06000019,2013,69186
W06000019,2014,68737
W06000019,2015,68395
W06000019,2016,68135
W06000019,2017,67829
W06000019,2018,67566
W06000019,2019,67382
W06000019,2020,67219
W06000019,2021,66989
W06000019,2022,66948
W06000019,2023,67523
W06000019,2024,67873
W06000020,2011,91190
W06000020,2012,91199
W06000020,2013,90842
W06000020,2014,90866
W06000020,2015,90844
W06000020,2016,90730
W06000020,2017,90638
W06000020,2018,91130
W06000020,2019,91685
W06000020,2020,92337
W06000020,2021,92454
W06000020,2022,92896
W06000020,2023,93518
W06000020,2024,94119
W06000021,2011,91508
W06000021,2012,91623
W06000021,2013,91822
W06000021,2014,91864
W06000021,2015,91867
W06000021,2016,92024
W06000021,2017,91791
W06000021,2018,91834
W06000021,2019,91730
W06000021,2020,92456
W06000021,2021,93163
W06000021,2022,94049
W06000021,2023,94672
W06000021,2024,94930
W06000022,2011,145785
W06000022,2012,146760
W06000022,2013,147586
W06000022,2014,148150
W06000022,2015,148948
W06000022,2016,150926
W06000022,2017,153234
W06000022,2018,155222
W06000022,2019,156773
W06000022,2020,158438
W06000022,2021,159687
W06000022,2022,162042
W06000022,2023,165112
W06000022,2024,167899
W06000023,2011,133071
W06000023,2012,133146
W06000023,2013,132719
W06000023,2014,132809
W06000023,2015,132945
W06000023,2016,132531
W06000023,2017,132460
W06000023,2018,131967
W06000023,2019,131556
W06000023,2020,132199
W06000023,2021,133521
W06000023,2022,133989
W06000023,2023,134645
W06000023,2024,135059
W06000024,2011,58851
W06000024,2012,58869
W06000024,2013,58791
W06000024,2014,58859
W06000024,2015,58922
W06000024,2016,59247
W06000024,2017,59337
W06000024,2018,59349
W06000024,2019,59255
W06000024,2020,59194
W06000024,2021,58869
W06000024,2022,58881
W06000024,2023,58841
W06000024,2024,58972
