ONS_geo,ONS_code,Region,ev_penetration,lag1_ports_per_10k_pop,lag1_gdhi_per_head,SHAP_Ports_Contribution,SHAP_Wealth_Contribution
Westminster,E09000033,London,35.77,553.6,71011.0,23.46587,5.5487676
Kensington and Chelsea,E09000020,London,11.58,416.9,98459.0,9.99585,5.012765
City of London,E09000001,London,30.21,521.1,144079.0,9.872087,4.6519437
Hammersmith and Fulham,E09000013,London,17.36,356.3,46050.0,9.560313,3.8593018
Stirling,S12000030,Scotland,17.29,131.8,23019.0,7.5650935,2.8528624
Slough,E06000039,South East,29.88,52.1,19784.0,7.3731565,6.4044256
Milton Keynes,E06000042,South East,17.92,162.1,22648.0,5.190555,1.5604696
Stockport,E08000007,North West,36.1,15.6,22954.0,4.1685424,7.3627954
Chesterfield,E07000034,East Midlands,14.38,61.0,18658.0,3.9310927,2.509866
Windsor and Maidenhead,E06000040,South East,27.3,45.0,34153.0,3.5169063,7.7322664
Camden,E09000007,London,11.68,135.6,56704.0,3.4389133,3.2445726
Brent,E09000005,London,8.57,169.3,27396.0,3.3471017,0.011607915
Orkney Islands,S12000023,Scotland,4.98,214.3,20250.0,3.3098252,-0.82836753
Leeds,E08000035,Yorkshire and the Humber,13.15,52.3,20073.0,3.20865,0.7452839
Southwark,E09000028,London,8.89,213.4,32460.0,2.684236,1.5139992
Hounslow,E09000018,London,5.8,161.2,26484.0,2.5942473,-0.69135547
Wandsworth,E09000032,London,7.13,264.8,43967.0,2.5786757,1.7874265
East Lothian,S12000010,Scotland,3.36,160.3,23583.0,2.5355227,-0.63256085
Brighton and Hove,E06000043,South East,3.51,121.0,26701.0,2.5300002,-0.8491624
Richmond upon Thames,E09000027,London,7.99,239.2,45042.0,2.436591,2.1199331
Coventry,E08000026,West Midlands,3.39,183.2,17851.0,2.426278,-1.396004
Harborough,E07000131,East Midlands,6.56,52.3,25861.0,2.2981591,-0.7152872
Waltham Forest,E09000031,London,4.85,121.0,25739.0,2.1957607,-0.34602383
Hackney,E09000012,London,6.73,140.6,31800.0,2.0480888,1.0644192
Portsmouth,E06000044,South East,14.21,47.5,19504.0,2.0370505,2.6439083
Rushcliffe,E07000176,East Midlands,4.14,51.9,25806.0,1.9699931,-0.7207035
Islington,E09000019,London,9.27,154.8,38732.0,1.9056602,1.6210405
North Lanarkshire,S12000050,Scotland,2.23,52.2,18434.0,1.6468751,0.040720493
Tower Hamlets,E09000030,London,10.0,87.4,29613.0,1.6135567,1.3686601
Merton,E09000024,London,7.19,126.4,33938.0,1.5868267,1.7548504
Ealing,E09000009,London,8.54,88.7,28014.0,1.5441141,0.6278251
Exeter,E07000041,South West,6.52,78.0,19123.0,1.4329873,0.88781935
Solihull,E08000029,West Midlands,11.3,64.8,24444.0,1.4253765,0.6783859
Nottingham,E06000018,East Midlands,2.89,60.5,15562.0,1.4235213,-1.0153863
Cambridge,E07000008,East of England,5.5,60.8,23953.0,1.3718579,0.38691664
Bolsover,E07000033,East Midlands,2.38,55.3,17755.0,1.269656,0.59424067
Cherwell,E07000177,South East,5.64,90.9,24889.0,1.2043287,-0.9773613
Elmbridge,E07000207,South East,6.28,45.9,44287.0,1.1683264,2.295077
Hillingdon,E09000017,London,10.52,60.8,23911.0,1.0567814,-0.05123764
Oxford,E07000178,South East,4.62,93.0,23204.0,1.0435795,-1.2013487
West Devon,E07000047,South West,2.2,51.7,22260.0,0.8909901,-0.732224
Kingston upon Thames,E09000021,London,5.74,89.3,31230.0,0.86303544,0.74749726
Rushmoor,E07000092,South East,6.56,40.3,21139.0,0.7776478,-0.10795627
Runnymede,E07000212,South East,4.05,45.4,29220.0,0.6983392,-0.06372568
Winchester,E07000094,South East,4.48,99.3,29566.0,0.6911919,0.027920827
Isles of Scilly,E06000053,South West,7.33,0.0,23228.0,0.6906554,0.47310543
Vale of White Horse,E07000180,South East,4.06,64.5,26993.0,0.6833657,-0.61221325
Reading,E06000038,South East,3.12,71.7,23145.0,0.67922914,-1.2749085
Barnet,E09000003,London,7.5,82.7,33473.0,0.6559672,1.9148341
Spelthorne,E07000213,South East,3.31,53.1,26366.0,0.64675325,-0.8267676
Newport,W06000022,Wales,2.19,46.0,17995.0,0.61412424,0.10145159
Dundee City,S12000042,Scotland,2.87,92.7,17667.0,0.6091695,-0.092675515
Watford,E07000103,East of England,4.16,71.4,24050.0,0.60440177,0.29950857
Welwyn Hatfield,E07000241,East of England,4.05,90.4,25373.0,0.5673996,0.5107198
Warrington,E06000007,North West,3.04,53.0,22238.0,0.5501987,-0.64768887
New Forest,E07000091,South East,2.88,57.3,26179.0,0.5272531,-1.3183309
Gwynedd,W06000002,Wales,1.53,91.9,18167.0,0.5198927,-0.21847676
Stratford-on-Avon,E07000221,West Midlands,4.05,79.3,29541.0,0.50529355,0.86949617
Wokingham,E06000041,South East,4.3,62.1,28456.0,0.494561,-0.74238986
Croydon,E09000008,London,4.64,63.6,25146.0,0.4775235,0.00963657
Pembrokeshire,W06000009,Wales,1.84,99.4,19088.0,0.4688151,0.19435777
Sutton,E09000029,London,4.43,76.1,25284.0,0.46485946,-0.2033074
Renfrewshire,S12000038,Scotland,12.75,41.8,18891.0,0.46137398,-0.109855704
Basildon,E07000066,East of England,4.67,33.6,22484.0,0.45664737,-0.062360294
Cotswold,E07000079,South West,3.73,93.1,33449.0,0.45056736,1.085392
Guildford,E07000209,South East,4.57,54.5,32809.0,0.44217092,4.30101
Fife,S12000047,Scotland,2.38,39.3,20026.0,0.43802923,-0.23963216
Highland,S12000017,Scotland,2.21,116.4,21430.0,0.43103617,-0.25358853
Greenwich,E09000011,London,4.54,95.1,26382.0,0.4306102,-0.21757387
Warwick,E07000222,West Midlands,3.85,62.1,26104.0,0.42341143,0.2691026
Falkirk,S12000014,Scotland,2.41,36.1,19810.0,0.42124736,2.5651455
Lambeth,E09000022,London,5.58,104.1,32953.0,0.40207195,1.519178
Lancaster,E07000121,North West,2.3,62.8,18452.0,0.3952498,0.11493511
Argyll & Bute,S12000035,Scotland,2.33,117.1,21304.0,0.39373153,-0.20176075
Rutland,E06000017,East Midlands,3.48,54.4,26581.0,0.3916969,0.040098708
West Berkshire,E06000037,South East,3.87,83.3,28978.0,0.3915269,-1.2108535
Huntingdonshire,E07000011,East of England,4.12,32.4,22554.0,0.37535882,-0.2809377
Three Rivers,E07000102,East of England,4.88,45.8,32630.0,0.37221128,1.9829932
Norwich,E07000148,East of England,2.33,59.8,17940.0,0.36713904,-0.09720881
Bedford,E06000055,East of England,3.21,65.8,22533.0,0.3612496,-0.23541576
Dartford,E07000107,South East,3.86,73.7,22843.0,0.3520678,0.28079286
Bromsgrove,E07000234,West Midlands,3.71,56.7,25782.0,0.3475858,0.1754949
York [Note 13],E06000014,Yorkshire and the Humber,3.12,71.1,21955.0,0.33836266,-0.22510862
Chichester,E07000225,South East,3.35,56.0,28982.0,0.33659828,-0.34273857
Crawley,E07000226,South East,2.64,50.7,20160.0,0.33164644,-0.36999166
Hertsmere,E07000098,East of England,5.7,39.8,33911.0,0.33076206,2.4745376
East Ayrshire,S12000008,Scotland,2.04,59.2,18931.0,0.3179774,0.014582446
Folkestone and Hythe,E07000112,South East,2.31,78.5,22574.0,0.31433168,-0.72768605
Midlothian,S12000019,Scotland,3.18,70.9,21466.0,0.3120405,-0.2364659
Sunderland,E08000024,North East,1.88,55.8,17402.0,0.31075314,-0.4296738
West Dunbartonshire,S12000039,Scotland,2.12,40.8,17255.0,0.30017045,-0.47326192
Blaenau Gwent,W06000019,Wales,1.05,45.7,15543.0,0.29983595,-0.5652491
Conwy,W06000003,Wales,2.01,45.7,19883.0,0.29181907,-0.0069325287
Clackmannanshire,S12000005,Scotland,2.06,56.5,19614.0,0.28815112,0.18062457
Newcastle upon Tyne,E08000021,North East,2.81,47.6,18257.0,0.27408704,-0.04206643
Na h-Eileanan Siar,S12000013,Scotland,1.53,109.4,20968.0,0.2689278,-0.16429046
Rugby,E07000220,West Midlands,3.04,66.0,21327.0,0.26754254,-0.34154892
Darlington,E06000005,North East,4.02,50.3,19099.0,0.26606622,0.39240777
South Cambridgeshire,E07000012,East of England,4.59,53.4,28333.0,0.25890884,0.44641653
Powys,W06000023,Wales,1.92,84.9,19847.0,0.2569046,-0.04352832
Sandwell,E08000028,West Midlands,4.1,14.0,15360.0,0.25601512,-0.7121055
Moray,S12000020,Scotland,2.11,62.7,20014.0,0.25279123,-0.22528015
Bracknell Forest,E06000036,South East,3.14,40.3,25260.0,0.24992856,-0.35752258
Basingstoke and Deane,E07000084,South East,3.2,51.2,25738.0,0.24018727,-1.0553267
Halton,E06000006,North West,3.71,39.3,18878.0,0.23761451,-0.22410032
Peterborough,E06000031,East of England,24.12,33.6,18938.0,0.23616411,-0.14808117
North Devon,E07000043,South West,2.38,64.2,21191.0,0.23239669,-0.46296337
Newham,E09000025,London,6.59,58.5,22726.0,0.22620867,-0.038226258
Northumberland,E06000057,North East,2.57,67.9,21164.0,0.21732493,-0.25718647
Ipswich,E07000202,East of England,2.37,39.7,19095.0,0.21699946,-0.07108036
Perth & Kinross,S12000048,Scotland,3.18,98.1,23147.0,0.21568069,-0.03689222
Glasgow City,S12000049,Scotland,2.93,46.6,18881.0,0.21491131,-0.19660273
Preston,E07000123,North West,2.87,38.2,17404.0,0.21336782,-0.32005838
St Albans,E07000240,East of England,4.97,35.5,34990.0,0.21335883,4.118572
Rochdale,E08000005,North West,2.42,15.2,17108.0,0.21316977,-1.380737
Dudley,E08000027,West Midlands,2.11,15.5,17746.0,0.21118881,-0.9104464
Ceredigion,W06000008,Wales,1.99,67.2,18790.0,0.21068476,0.06756296
Dover,E07000108,South East,2.07,70.0,21732.0,0.20410791,-0.6606576
Test Valley,E07000093,South East,3.43,40.9,25943.0,0.20298281,-0.3772528
Isle of Anglesey,W06000001,Wales,1.77,79.5,19444.0,0.20037915,0.15258448
Dumfries & Galloway,S12000006,Scotland,1.84,85.0,20548.0,0.19910017,-0.4285931
Mid Sussex,E07000228,South East,3.67,43.4,28048.0,0.19804735,-1.0635409
Surrey Heath,E07000214,South East,4.71,41.5,30351.0,0.19699664,0.4571653
Blaby,E07000129,East Midlands,3.22,51.0,19665.0,0.18987143,0.45293805
North Warwickshire,E07000218,West Midlands,2.49,61.1,20465.0,0.18542303,-0.36388466
Oadby and Wigston,E07000135,East Midlands,2.47,69.8,19960.0,0.18496174,-0.09330875
Eastleigh,E07000086,South East,3.17,50.2,22494.0,0.18232179,-0.5953858
South Ribble,E07000126,North West,2.42,56.7,20235.0,0.16732922,-0.34932092
Isle of Wight,E06000046,South East,2.32,43.6,20788.0,0.16674751,-0.24104916
South Lanarkshire,S12000029,Scotland,2.68,56.7,20588.0,0.16479462,-0.1234321
Breckland,E07000143,East of England,2.15,39.6,20114.0,0.16376708,-0.48641855
Lincoln,E07000138,East Midlands,2.2,68.0,16639.0,0.14900644,-0.66657954
South Ayrshire,S12000028,Scotland,2.44,59.7,20959.0,0.13394861,-0.103049204
Stockton-on-Tees,E06000004,North East,2.16,51.2,18586.0,0.13332137,0.4619668
Denbighshire,W06000004,Wales,2.07,31.0,18948.0,0.13036244,-0.21445747
West Suffolk,E07000245,East of England,2.35,67.7,21303.0,0.120127656,-0.44029948
Enfield,E09000010,London,4.35,62.7,25633.0,0.1092354,-0.020407235
Hart,E07000089,South East,4.33,51.2,29968.0,0.10654361,0.2927783
Angus,S12000041,Scotland,2.37,59.6,20957.0,0.1065245,-0.09370983
Chorley,E07000118,North West,2.77,41.2,20769.0,0.10606624,-0.10210427
Carmarthenshire,W06000010,Wales,1.78,48.4,18312.0,0.10402207,0.17507437
Tunbridge Wells,E07000116,South East,3.81,43.7,30661.0,0.10332379,0.43309152
South Oxfordshire,E07000179,South East,4.21,50.1,30715.0,0.09705684,0.41808373
Boston,E07000136,East Midlands,1.71,69.2,18189.0,0.09279007,-0.08601408
Cannock Chase,E07000192,West Midlands,2.37,36.5,18542.0,0.09084744,0.23859084
Braintree,E07000067,East of England,2.43,51.6,23161.0,0.09030054,-0.45162302
Derby,E06000015,East Midlands,4.46,35.8,17553.0,0.08987024,0.09837596
Waverley,E07000216,South East,4.38,43.5,36160.0,0.087148674,1.9053168
Derbyshire Dales,E07000035,East Midlands,3.19,62.1,27643.0,0.086873926,0.35177997
Redbridge,E09000026,London,5.91,34.0,25296.0,0.07664073,0.31079194
Scottish Borders,S12000026,Scotland,2.54,55.5,21560.0,0.07452724,-0.1640278
North Norfolk,E07000147,East of England,2.2,70.4,22191.0,0.06949046,-0.21812788
South Norfolk,E07000149,East of England,2.64,31.5,22527.0,0.059514996,0.0045490838
Shetland Islands,S12000027,Scotland,2.1,91.8,22799.0,0.05861339,0.275034
Redditch,E07000236,West Midlands,7.1,22.2,19908.0,0.03921002,0.3644729
Inverclyde,S12000018,Scotland,2.22,42.8,19523.0,0.038785294,0.23224826
North Ayrshire,S12000021,Scotland,2.05,43.2,18728.0,0.036285203,0.09213411
Uttlesford,E07000077,East of England,3.92,36.7,29373.0,0.03551382,0.923411
Torbay,E06000027,South West,2.03,19.8,20384.0,0.030542608,-0.40110582
Great Yarmouth,E07000145,East of England,1.52,38.3,18376.0,0.020401604,-0.24388492
South Tyneside,E08000023,North East,2.17,33.7,17900.0,0.0062537384,-0.27737668
Bassetlaw,E07000171,East Midlands,2.38,48.2,19985.0,-0.008512219,-0.18700333
Plymouth,E06000026,South West,1.68,47.9,18670.0,-0.025191335,0.5675513
Aberdeen City,S12000033,Scotland,2.91,50.2,21285.0,-0.025213392,-0.2152149
Colchester,E07000071,East of England,2.74,31.9,21678.0,-0.028345263,-0.3939417
Gateshead,E08000037,North East,2.29,34.7,17623.0,-0.033299245,-0.1211037
Tewkesbury,E07000083,South West,3.26,31.0,23433.0,-0.03354616,0.16508447
Broadland,E07000144,East of England,2.61,47.0,22483.0,-0.038827054,0.06645892
Aberdeenshire,S12000034,Scotland,2.76,46.8,23120.0,-0.04357174,0.16195115
Swansea,W06000011,Wales,3.45,38.1,18128.0,-0.054985903,-0.33892217
City of Edinburgh,S12000036,Scotland,4.01,48.7,27091.0,-0.0562854,0.45127666
West Oxfordshire,E07000181,South East,3.45,51.0,29308.0,-0.06142385,-0.04294546
Liverpool,E08000012,North West,2.42,38.0,17572.0,-0.06347729,-0.4200886
Thurrock,E06000034,East of England,2.97,30.2,21560.0,-0.06827638,-0.28335083
Eastbourne,E07000061,South East,2.1,31.0,21497.0,-0.06967686,-0.38227016
Maidstone,E07000110,South East,2.96,38.7,24199.0,-0.070572995,-1.1054777
East Suffolk,E07000244,East of England,2.43,34.3,22404.0,-0.0708188,0.13111342
Monmouthshire,W06000021,Wales,2.72,58.8,24172.0,-0.07569646,0.20638834
King's Lynn and West Norfolk,E07000146,East of England,2.0,39.0,20421.0,-0.07594366,-0.66199416
County Durham,E06000047,North East,2.05,38.6,17945.0,-0.08264802,-0.22570835
Babergh,E07000200,East of England,2.53,47.4,24459.0,-0.08411247,0.22848234
Swindon,E06000030,South West,22.95,39.5,20696.0,-0.0910839,-0.16942039
Bridgend,W06000013,Wales,3.54,21.7,18861.0,-0.09277598,-0.15681219
North Northamptonshire (from April 2021),E06000061,East Midlands,3.93,35.1,20729.0,-0.09401482,-0.10916809
Calderdale,E08000033,Yorkshire and the Humber,2.56,34.1,19428.0,-0.09552217,0.114723146
Redcar and Cleveland,E06000003,North East,1.51,32.8,17688.0,-0.1041952,-0.34423226
East Hertfordshire,E07000242,East of England,3.82,48.1,29817.0,-0.10582228,1.3012717
Birmingham,E08000025,West Midlands,2.72,34.1,16996.0,-0.107205175,-1.0335951
Broxbourne,E07000095,East of England,2.89,38.9,24023.0,-0.11292645,0.23583879
Antrim and Newtownabbey,N09000001,Northern Ireland,3.15,28.5,19070.0,-0.113851696,-0.09973902
Harrow,E09000015,London,6.33,18.2,28550.0,-0.115433805,1.2695218
Epsom and Ewell,E07000208,South East,5.1,22.2,29194.0,-0.11625689,0.7408476
Hinckley and Bosworth,E07000132,East Midlands,2.72,37.8,20859.0,-0.1221507,-0.109540395
North West Leicestershire,E07000134,East Midlands,3.0,33.4,20932.0,-0.12218063,-0.12501906
Lewes,E07000063,South East,3.11,43.5,26411.0,-0.12337606,-0.4793907
Malvern Hills,E07000235,West Midlands,2.94,15.1,24521.0,-0.12787297,0.36167282
Wychavon,E07000238,West Midlands,2.98,39.7,24524.0,-0.12982903,0.22728744
Stafford,E07000197,West Midlands,2.91,51.5,22080.0,-0.12984781,-0.14472318
Newcastle-under-Lyme,E07000195,West Midlands,2.26,36.3,18969.0,-0.13125211,-0.23671252
Gravesham,E07000109,South East,3.05,14.0,22604.0,-0.13451792,-0.19528955
Stroud,E07000082,South West,3.39,36.4,25074.0,-0.13590975,0.34784207
East Devon,E07000040,South West,2.66,54.0,23866.0,-0.14472842,-0.3842723
Gedling,E07000173,East Midlands,2.71,37.2,20668.0,-0.1499717,-0.07562719
West Lancashire,E07000127,North West,2.98,46.3,21551.0,-0.16035543,-0.14077389
Sefton,E08000014,North West,2.08,10.9,20307.0,-0.16155033,-0.5722793
Broxtowe,E07000172,East Midlands,2.48,35.8,19823.0,-0.16835539,-0.17616123
Belfast,N09000003,Northern Ireland,5.14,19.6,18451.0,-0.18544695,-0.020197123
Southampton,E06000045,South East,2.32,36.0,18846.0,-0.1878973,0.17650893
Newark and Sherwood,E07000175,East Midlands,2.96,30.9,21780.0,-0.19492075,-0.0085242
Buckinghamshire,E06000060,South East,4.35,38.4,30237.0,-0.19799376,0.4173794
Central Bedfordshire,E06000056,East of England,3.67,20.4,23778.0,-0.20153567,0.26652333
Torridge,E07000046,South West,2.05,43.7,20727.0,-0.20210628,-0.30883878
Horsham,E07000227,South East,3.59,35.1,29024.0,-0.20451471,0.12102018
Burnley,E07000117,North West,1.79,34.7,16014.0,-0.20829765,-0.5788035
Medway,E06000035,South East,2.61,33.7,21493.0,-0.212418,-0.42689338
Tonbridge and Malling,E07000115,South East,3.78,28.7,26341.0,-0.21589385,0.15259936
Wolverhampton,E08000031,West Midlands,2.03,19.7,16958.0,-0.21607438,-0.9612006
Mid Devon,E07000042,South West,2.32,44.4,21903.0,-0.21635959,0.08214642
Chelmsford,E07000070,East of England,3.24,21.7,25729.0,-0.21877307,0.22961836
Manchester,E08000003,North West,3.27,21.6,17830.0,-0.22085656,-0.5122513
East Staffordshire,E07000193,West Midlands,2.63,38.0,19668.0,-0.22333905,0.23714098
South Staffordshire,E07000196,West Midlands,2.53,48.1,23391.0,-0.22387977,0.009573277
Oldham,E08000004,North West,2.36,18.9,16683.0,-0.2267554,-0.96208096
Tamworth,E07000199,West Midlands,2.53,19.5,17904.0,-0.2268644,-0.35597172
Epping Forest,E07000072,East of England,4.64,21.9,32837.0,-0.23276816,1.6348073
Blackpool,E06000009,North West,1.94,21.7,17457.0,-0.2328729,-0.5725151
South Kesteven,E07000141,East Midlands,2.58,32.8,22974.0,-0.23550403,0.5012069
East Lindsey,E07000137,East Midlands,1.91,43.7,20505.0,-0.23663564,-0.3365674
West Lothian,S12000040,Scotland,2.83,28.8,20613.0,-0.24177057,-0.40627006
Wiltshire,E06000054,South West,10.27,36.5,24239.0,-0.24523956,0.25990266
Torfaen,W06000020,Wales,1.66,31.6,17931.0,-0.24586996,-0.311868
East Renfrewshire,S12000011,Scotland,3.82,27.1,25763.0,-0.24707104,0.6261465
West Northamptonshire (from April 2021),E06000062,East Midlands,3.04,38.6,22752.0,-0.25160423,0.06833634
Sevenoaks,E07000111,South East,4.44,26.4,34273.0,-0.25296804,2.8899734
Lichfield,E07000194,West Midlands,3.37,19.9,24446.0,-0.25550413,0.32030338
Wrexham,W06000006,Wales,1.67,27.9,18378.0,-0.25648767,-0.37647006
Bath and North East Somerset,E06000022,South West,3.79,47.4,25216.0,-0.25853106,-0.13657431
Maldon,E07000074,East of England,2.73,18.3,24801.0,-0.25894275,0.4746153
North Hertfordshire,E07000099,East of England,3.73,27.0,26845.0,-0.265281,0.6880412
Pendle,E07000122,North West,1.96,20.6,16796.0,-0.2657188,-0.67532414
Bury,E08000002,North West,2.9,13.6,20475.0,-0.27222285,-0.54991114
Woking,E07000217,South East,4.27,22.0,30282.0,-0.27240923,0.94346863
Stevenage,E07000243,East of England,2.18,21.6,20380.0,-0.27481946,-0.36339867
Melton,E07000133,East Midlands,2.74,17.5,23277.0,-0.27943096,0.15793264
Neath Port Talbot,W06000012,Wales,1.56,11.1,17578.0,-0.27969265,-0.42367324
Lisburn and Castlereagh,N09000007,Northern Ireland,2.98,8.9,20672.0,-0.28023702,-0.1859996
Brentwood,E07000068,East of England,3.9,3.9,31769.0,-0.28190264,1.6948739
Havering,E09000016,London,3.99,19.2,25044.0,-0.28508174,0.41452795
Castle Point,E07000069,East of England,2.04,3.3,23521.0,-0.2872146,0.3744663
Middlesbrough,E06000002,North East,1.37,23.4,16755.0,-0.28848952,-0.7120336
Rotherham,E08000018,Yorkshire and the Humber,2.09,31.3,18162.0,-0.29008684,-0.32460737
Cheshire East,E06000049,North West,3.99,36.2,25704.0,-0.29044628,0.48101482
Shropshire,E06000051,West Midlands,2.43,38.1,21679.0,-0.29102397,-0.2372418
Fermanagh and Omagh,N09000006,Northern Ireland,0.84,26.4,18370.0,-0.292656,-0.36278874
Ribble Valley,E07000124,North West,3.07,48.4,27271.0,-0.29317892,0.43512505
Rossendale,E07000125,North West,2.45,28.0,20016.0,-0.29318896,-0.20539205
Merthyr Tydfil,W06000024,Wales,1.31,16.5,16966.0,-0.29355854,-0.6514744
Cardiff,W06000015,Wales,2.46,24.1,19213.0,-0.29456025,-0.2549057
Gloucester,E07000081,South West,2.33,30.8,18833.0,-0.29510903,-0.21292055
Wyre,E07000128,North West,2.21,33.6,20967.0,-0.29670557,-0.13888359
Wyre Forest,E07000239,West Midlands,2.07,19.8,20558.0,-0.29788917,-0.3684581
St. Helens,E08000013,North West,1.91,13.8,18524.0,-0.3002234,-0.2998156
Bexley,E09000004,London,3.94,18.5,23976.0,-0.30146912,0.13665353
Dorset,E06000059,South West,2.56,37.1,24020.0,-0.30316475,0.025360132
Swale,E07000113,South East,2.16,32.4,21467.0,-0.30568945,-0.8980748
Causeway Coast and Glens,N09000004,Northern Ireland,1.15,21.4,19237.0,-0.30573487,-0.29064992
The Vale of Glamorgan,W06000014,Wales,2.54,26.6,22789.0,-0.30628565,0.27691627
Haringey,E09000014,London,6.32,34.9,34179.0,-0.31597754,3.0576916
Mid Suffolk,E07000203,East of England,3.36,25.7,23205.0,-0.31739965,0.26836798
Southend-on-Sea,E06000033,East of England,2.22,14.8,23277.0,-0.317991,-0.054630868
Bromley,E09000006,London,4.7,31.3,31237.0,-0.31939447,0.97410333
Tandridge,E07000215,South East,4.04,22.6,31381.0,-0.32281122,1.8479699
South Hams,E07000044,South West,3.05,44.3,27103.0,-0.32320386,0.19174616
Teignbridge,E07000045,South West,2.58,29.6,22752.0,-0.33074474,-0.022077737
Wirral,E08000015,North West,2.19,12.3,20218.0,-0.33220887,-0.5875745
East Hampshire,E07000085,South East,3.63,32.3,28203.0,-0.33612916,0.457042
East Dunbartonshire,S12000045,Scotland,3.4,24.8,25698.0,-0.33773917,0.55680335
High Peak,E07000037,East Midlands,2.53,32.4,21341.0,-0.33781537,-0.17137016
Luton,E06000032,East of England,2.65,22.9,18169.0,-0.34228238,-0.43555617
Cheshire West and Chester,E06000050,North West,2.94,33.7,22534.0,-0.3423652,0.20347734
Stoke-on-Trent,E06000021,West Midlands,2.17,19.1,16276.0,-0.3517143,-0.9540562
Ashfield,E07000170,East Midlands,2.05,23.4,17306.0,-0.3582789,-0.48311543
Mole Valley,E07000210,South East,4.37,27.4,34803.0,-0.3647942,2.29049
Fylde,E07000119,North West,2.64,30.8,24681.0,-0.365585,0.2501987
Telford and Wrekin,E06000020,West Midlands,2.43,20.4,18825.0,-0.3676967,-0.3836574
Flintshire,W06000005,Wales,1.76,19.1,20577.0,-0.37632176,-0.55368024
"Herefordshire, County of",E06000019,West Midlands,2.62,38.7,22736.0,-0.37752455,-0.2021226
Charnwood,E07000130,East Midlands,3.07,20.7,20427.0,-0.37868002,-0.42377514
North Tyneside,E08000022,North East,2.43,25.4,19388.0,-0.37873718,-0.06936352
Rhondda Cynon Taf,W06000016,Wales,1.44,13.2,16998.0,-0.37999237,-0.7892735
Tameside,E08000008,North West,1.93,13.6,17884.0,-0.38078538,-0.8613669
Forest of Dean,E07000080,South West,2.46,17.2,20869.0,-0.3808491,-0.29281497
Fareham,E07000087,South East,3.02,17.2,23812.0,-0.38116747,0.043161716
South Derbyshire,E07000039,East Midlands,2.79,23.7,21182.0,-0.38194135,-0.1972545
Adur,E07000223,South East,2.64,20.3,21734.0,-0.38196835,-0.2959881
Cheltenham,E07000078,South West,3.19,26.7,24098.0,-0.38997284,0.2322835
Salford,E08000006,North West,2.33,30.8,19527.0,-0.39212915,0.12475499
Rochford,E07000075,East of England,2.72,24.0,24443.0,-0.39439893,0.3641225
Tendring,E07000076,East of England,1.95,25.1,21339.0,-0.39943764,-0.31189862
Lewisham,E09000023,London,4.07,58.6,27212.0,-0.40567645,-0.3728657
North Kesteven,E07000139,East Midlands,2.77,11.8,20729.0,-0.411457,-0.10907275
Leicester,E06000016,East Midlands,4.77,31.6,15159.0,-0.41354755,-0.7295264
Havant,E07000090,South East,2.74,21.4,22413.0,-0.4149709,-0.16519985
Reigate and Banstead,E07000211,South East,5.0,21.4,29769.0,-0.41711575,1.2186455
Harlow,E07000073,East of England,2.58,14.9,19606.0,-0.41752744,-0.12787978
"Bristol, City of",E06000023,South West,3.01,28.5,22741.0,-0.42060503,0.16235362
East Cambridgeshire,E07000009,East of England,3.12,24.4,24747.0,-0.43176037,0.41710433
Caerphilly,W06000018,Wales,1.48,25.9,18091.0,-0.43185622,-0.037584543
Worthing,E07000229,South East,2.24,19.0,23286.0,-0.43334892,-0.09761904
Worcester,E07000237,West Midlands,2.27,28.9,18877.0,-0.43357387,-0.32790095
Wigan,E08000010,North West,1.95,12.1,17945.0,-0.4389246,-0.86839855
Cornwall,E06000052,South West,2.17,59.3,21273.0,-0.44957083,-0.31786636
Hyndburn,E07000120,North West,2.15,25.9,15812.0,-0.4540112,-0.6509409
Ashford,E07000105,South East,2.88,25.2,23820.0,-0.4624443,-0.0002777371
Barking and Dagenham,E09000002,London,5.46,31.8,19492.0,-0.46329105,0.5054117
North Somerset,E06000024,South West,3.43,40.4,24489.0,-0.4754793,-0.23075412
Blackburn with Darwen,E06000008,North West,2.62,30.7,15768.0,-0.47824055,-0.5115543
"Kingston upon Hull, City of",E06000010,Yorkshire and the Humber,1.59,22.0,15910.0,-0.4809368,-0.7909704
Rother,E07000064,South East,2.62,23.8,24813.0,-0.48377618,0.009571865
West Lindsey,E07000142,East Midlands,2.52,26.0,20837.0,-0.4838302,-0.13033876
Ards and North Down,N09000011,Northern Ireland,1.88,11.1,20496.0,-0.49031556,-0.38904163
Amber Valley,E07000032,East Midlands,2.58,17.1,20777.0,-0.4909215,-0.1371879
Wealden,E07000065,South East,3.13,20.3,27749.0,-0.4977657,-0.24821302
"Bournemouth, Christchurch and Poole",E06000058,South West,2.63,27.2,23271.0,-0.50849104,0.12819386
Thanet,E07000114,South East,2.05,23.3,21171.0,-0.5103461,-0.48093885
Mid and East Antrim,N09000008,Northern Ireland,1.32,18.6,18957.0,-0.5122467,-0.36989328
East Riding of Yorkshire,E06000011,Yorkshire and the Humber,2.4,25.9,21759.0,-0.516956,-0.010070338
Fenland,E07000010,East of England,1.82,4.9,19605.0,-0.5293074,-0.12330819
Hartlepool,E06000001,North East,1.59,8.5,18027.0,-0.5388209,-0.394777
Derry City and Strabane,N09000005,Northern Ireland,1.04,16.5,17651.0,-0.54262817,-0.5147724
Bradford,E08000032,Yorkshire and the Humber,2.82,22.3,16469.0,-0.5444835,-0.75609756
Erewash,E07000036,East Midlands,2.39,26.0,19454.0,-0.54833597,-0.07835826
Canterbury,E07000106,South East,2.87,29.4,21792.0,-0.5569762,-0.4675553
North East Derbyshire,E07000038,East Midlands,2.46,16.6,20377.0,-0.56070966,-0.33369642
Trafford,E08000009,North West,3.64,30.3,25776.0,-0.56459486,0.53851855
Dacorum,E07000096,East of England,3.91,12.2,27683.0,-0.5684735,0.55578446
"Armagh City, Banbridge and Craigavon",N09000002,Northern Ireland,1.35,14.7,18485.0,-0.5740202,-0.121955164
Nuneaton and Bedworth,E07000219,West Midlands,2.24,26.1,18603.0,-0.5793014,-0.07911742
Mid Ulster,N09000009,Northern Ireland,1.01,16.1,18791.0,-0.5997497,-0.52192235
Arun,E07000224,South East,2.21,17.4,23282.0,-0.604707,-0.4825967
South Gloucestershire,E06000025,South West,17.97,58.4,23407.0,-0.6193002,-0.011969073
Staffordshire Moorlands,E07000198,West Midlands,2.09,9.1,20796.0,-0.62202543,-0.21166037
Bolton,E08000001,North West,2.75,9.4,18150.0,-0.6326241,-1.0523866
"Newry, Mourne and Down",N09000010,Northern Ireland,1.19,18.7,18426.0,-0.646542,-0.3028204
South Holland,E07000140,East Midlands,2.08,17.7,19239.0,-0.6516853,-0.2177484
Mansfield,E07000174,East Midlands,2.22,27.4,18534.0,-0.6540891,0.18918747
Doncaster,E08000017,Yorkshire and the Humber,3.5,23.3,18469.0,-0.6853153,0.045580912
Sheffield,E08000019,Yorkshire and the Humber,3.5,25.3,18064.0,-0.6993144,-0.3331854
Barnsley,E08000016,Yorkshire and the Humber,2.13,24.2,18863.0,-0.7164753,-0.29058683
Walsall,E08000030,West Midlands,1.96,9.4,16816.0,-0.735585,-1.3184062
Gosport,E07000088,South East,1.73,20.1,19761.0,-0.74631953,1.0657251
Kirklees,E08000034,Yorkshire and the Humber,2.5,19.7,18440.0,-0.7549765,-0.12992053
Wakefield,E08000036,Yorkshire and the Humber,2.34,26.7,19101.0,-0.769347,-0.123092964
North Lincolnshire,E06000013,Yorkshire and the Humber,2.15,20.3,18362.0,-0.7806554,-0.23079245
Hastings,E07000062,South East,1.78,27.0,19813.0,-0.79076767,-0.031812184
Knowsley,E08000011,North West,2.11,16.4,17951.0,-0.8302862,-0.36847594
North East Lincolnshire,E06000012,Yorkshire and the Humber,1.92,19.5,18296.0,-0.9456354,-0.063318536
